player_id,timestamp,score,level,aliens_destroyed,shots_fired,accuracy,time_played_seconds,lives_remaining,player_x_position,player_movement,powerups_collected,game_completed,device_type,browser,os,session_id
3cd69491,2025-03-30T00:49:53.365837,9396,2,0,6,0.52,543,3,344,stationary,3,False,desktop,chrome,ios,45cb3ae1-5ea9-4b06-bbfa-c9888089808b
8a03b251,2025-03-30T07:53:40.365837,1837,1,2,10,0.94,95,2,264,left,5,True,desktop,safari,android,dac4b502-0548-45fc-9a42-30b3921643dc
7a49e9f3,2025-03-29T23:02:14.365837,1218,2,19,64,0.18,460,3,121,stationary,0,False,mobile,edge,android,7191f72d-e29d-41b9-b885-4f499180beaa
5e2d731b,2025-03-30T05:40:25.365837,701,9,29,12,0.65,414,1,550,stationary,5,True,mobile,edge,macos,bede0bf9-77a4-4836-b4ee-0e4a26a5216c
7559665c,2025-03-30T08:49:41.365837,4867,7,8,49,0.75,168,1,310,right,5,True,tablet,chrome,ios,18f1ade0-8a75-45d7-9c6f-c70fad47d598
43f3e219,2025-03-30T00:23:20.365837,1915,8,7,58,0.76,354,2,790,stationary,2,False,desktop,firefox,macos,8dcdd443-ac10-48d7-8118-075ab3932cf1
a580fe81,2025-03-30T09:45:56.365837,8804,9,16,67,0.19,233,3,774,stationary,0,False,desktop,firefox,linux,f86d150f-44f8-4cbf-9173-097186b9de84
48ca96ed,2025-03-30T01:19:45.365837,198,3,22,21,0.2,297,1,479,stationary,0,False,mobile,safari,android,98edaeb2-d44a-4da9-b5ae-a62cc24c51eb
2c834517,2025-03-30T06:34:33.365837,3582,2,15,44,0.28,113,0,75,right,4,False,mobile,safari,windows,d498e465-4f24-4dd7-8755-d845b033ad85
7201d203,2025-03-30T06:55:00.365837,1484,4,9,18,0.11,230,1,0,right,0,True,tablet,chrome,android,7e17d0c4-f653-4aed-8593-de4a92df1bf5
4fe9b49d,2025-03-30T06:36:20.365837,7526,4,39,47,0.13,585,2,362,stationary,0,False,desktop,firefox,android,131e40d8-8a65-41f0-9021-005a1564ad40
01f80215,2025-03-30T04:36:31.365837,9986,6,19,97,0.65,354,3,91,right,5,False,tablet,safari,android,53e0ab89-10fb-46db-aa26-5e7a3067a4c2
9b1170f5,2025-03-29T23:36:28.365837,7454,6,27,71,0.81,564,2,488,stationary,1,True,desktop,firefox,ios,9909b6ca-6138-406f-aa9d-277029e23b1c
3cdb62e6,2025-03-30T09:40:18.365837,9472,6,15,68,0.46,479,3,563,left,0,False,mobile,safari,android,868573d3-74f3-42ce-b890-49380ca11813
9cbc2065,2025-03-30T05:22:15.365837,6523,4,31,85,0.32,116,0,292,left,5,True,tablet,edge,linux,adfcc190-d8f5-4ddd-b133-568eec451aa2
e345291e,2025-03-30T04:40:36.365837,4047,9,19,52,0.6,339,1,168,right,3,True,tablet,chrome,android,fcb8df0c-609d-499a-8e15-f1fda2f7abcf
cb7f6b90,2025-03-30T02:25:06.365837,4107,6,1,45,0.43,394,2,290,right,4,True,tablet,safari,android,267cbcc0-71f8-4a3e-b22e-45e9a6b2fe77
b650d844,2025-03-30T02:40:17.365837,8003,9,33,37,0.45,345,2,121,right,0,False,desktop,firefox,linux,115abee1-60b2-41b5-ad5f-588c27075d4d
53813e86,2025-03-30T09:45:45.365837,9707,10,21,82,0.23,533,0,570,right,3,False,mobile,edge,windows,5ddea6cc-9426-4056-895b-cfd8533e7aa2
e4787dfa,2025-03-30T03:53:11.365837,3837,5,6,8,0.45,583,0,613,right,0,True,desktop,edge,android,83db2bc4-734f-441b-bf50-0fca23b9f7ae
9b1ff317,2025-03-30T02:23:46.365837,5142,9,16,75,0.78,253,2,790,left,5,False,desktop,safari,windows,cece94db-a894-4f02-b345-6d6c2c96a666
1531b84c,2025-03-29T21:57:38.365837,3663,3,21,70,0.06,380,1,193,right,2,True,mobile,safari,linux,43c34ef7-23cb-47b0-8a93-bd24975e0642
13b25316,2025-03-30T08:12:53.365837,5400,4,27,17,0.87,217,0,667,stationary,3,False,mobile,edge,macos,24e5b55c-96c4-4123-a035-7e7948a0e565
27f477db,2025-03-29T23:12:31.365837,444,6,36,0,0.53,170,1,124,stationary,4,True,mobile,safari,android,f3d647bb-7377-4b77-a0f2-b8cb78074af1
9cf2063e,2025-03-30T02:35:39.365837,7415,8,18,74,0.64,93,2,686,right,2,False,tablet,chrome,linux,81ccc90c-da07-456d-a5e1-32a4961dafe9
f25f8ef0,2025-03-30T09:59:30.365837,6469,1,8,8,0.24,401,3,691,right,1,True,mobile,safari,macos,45ca1cb2-74b7-427e-9941-0ebc7b286ffb
b19b9a63,2025-03-30T06:53:09.365837,4503,5,3,10,0.95,90,0,634,right,1,False,mobile,safari,ios,5f3a0c0b-609c-41e2-badf-b3ed243d4c11
45c2e146,2025-03-30T01:02:59.365837,9493,6,4,96,0.93,76,0,296,stationary,2,True,mobile,safari,android,10443d24-92bc-4503-b860-cc5e6b56cc03
c830d13b,2025-03-30T07:31:54.365837,9319,4,17,84,0.38,140,0,439,right,4,False,tablet,chrome,macos,ac223a88-e46b-465a-b48d-ec7da3c564c6
01ce855f,2025-03-29T23:09:37.365837,1501,3,31,96,0.09,308,2,419,left,3,False,tablet,safari,linux,e5d7c13e-8b20-465b-8f2a-0c08840ad1d7
f90988f2,2025-03-30T10:03:50.365837,9660,3,24,47,0.5,222,1,205,left,1,False,mobile,safari,macos,55eca747-ada6-4a7f-a6db-cd618bfda68e
1b64a291,2025-03-30T02:01:33.365837,7327,4,50,61,0.72,92,0,529,left,1,False,mobile,chrome,macos,8989d467-18ab-4d69-891e-eca12f2f955f
7bcf4352,2025-03-30T09:28:34.365837,2530,10,28,70,0.2,480,1,298,right,1,True,desktop,edge,linux,d9bb600b-d7e1-4ebe-982c-a4a0ad161e1b
a575a10b,2025-03-30T02:31:05.365837,2872,7,13,55,0.07,546,2,361,left,3,False,desktop,firefox,linux,7254a8ea-b086-4711-b7c2-1b9f5bf3cff3
9b93a21b,2025-03-30T08:33:38.365837,7369,3,21,63,0.88,240,3,503,stationary,0,True,mobile,edge,android,c5ad82b9-a7a6-4da7-adb8-7a1264bdf478
10d27178,2025-03-30T00:50:04.365837,5578,1,39,92,0.96,563,0,119,right,4,True,mobile,chrome,windows,e85c6c53-ceab-46bf-832c-c01edb89baf0
b468c597,2025-03-30T04:07:31.365837,5471,10,5,44,0.71,597,1,184,left,2,True,desktop,firefox,macos,96874491-20c2-4a78-b2db-7bd2ff99af08
8a3c30d5,2025-03-30T06:58:27.365837,1419,10,44,36,0.05,60,3,114,left,3,True,tablet,chrome,macos,2dc8d87c-800d-478c-8b22-50db6e7dffe4
7aa4bff9,2025-03-29T23:08:45.365837,9469,7,47,36,0.56,497,2,793,stationary,3,True,tablet,safari,windows,f5c45e05-e78e-4d58-b682-62e9a23c9ad4
df72d6d2,2025-03-30T05:08:19.365837,1801,2,4,41,0.45,125,1,122,stationary,0,False,mobile,edge,ios,649d1247-96bb-4af1-9198-ad6c0a5c8cc3
b33506f1,2025-03-29T23:57:40.365837,3331,4,4,91,0.08,449,2,495,left,5,True,tablet,chrome,windows,bf2ed09b-ed58-46c8-bf62-9488835f50a0
20ffa00c,2025-03-30T05:24:31.365837,8929,4,15,2,0.96,391,0,686,left,1,True,tablet,edge,ios,1e25b9b8-6bb9-4f51-af66-78b8c436d535
5db2659e,2025-03-30T09:28:47.365837,8565,4,48,52,0.74,199,2,752,stationary,0,True,desktop,chrome,android,059713f7-b9ea-4e0e-ad86-9a4e3cb30ddd
350b6312,2025-03-30T03:45:04.365837,5349,10,34,14,0.61,373,3,586,left,0,False,mobile,safari,android,393b41df-76c8-46f5-9d27-e51220bf947b
aa9de075,2025-03-30T05:36:33.365837,3822,5,35,50,0.89,541,0,329,stationary,0,False,mobile,firefox,android,1359283e-101d-4cb4-b6cb-c79ec9394b0c
327df7bb,2025-03-30T03:47:26.365837,5726,9,49,77,0.95,68,2,490,left,2,False,desktop,safari,android,787eda35-c98d-4233-bc47-f6d214f116f5
dab5b40a,2025-03-30T07:19:36.365837,6291,2,26,28,0.14,262,2,160,right,1,True,tablet,safari,linux,f0fc0830-5bfd-45df-882d-62498479a059
2044f054,2025-03-30T07:53:03.365837,9363,7,5,8,0.02,160,1,430,left,2,False,tablet,safari,ios,13ea7cc2-be77-41e0-8f13-a5e87ebcd066
80765b16,2025-03-30T07:49:55.365837,2678,5,15,48,0.98,190,3,150,left,2,True,mobile,chrome,linux,9f20bdb6-5c28-4df4-8f05-de5814d34f81
97f4c056,2025-03-30T08:33:42.365837,6416,7,36,71,0.81,226,0,17,right,5,True,desktop,edge,macos,14b12039-6d7e-47ad-913e-f409f635b806
c42891bf,2025-03-30T02:05:31.365837,5160,7,36,83,0.2,410,1,313,right,1,True,desktop,firefox,ios,cdf4a2f9-1c7c-4af2-b9ac-97378633ca6d
ace240e8,2025-03-30T05:05:22.365837,1968,5,34,19,0.58,397,0,251,right,3,True,desktop,edge,ios,00f596f9-4472-4f25-b29c-e27b33137a48
05e50875,2025-03-29T23:54:31.365837,4902,8,35,24,0.49,297,1,614,stationary,4,False,tablet,safari,ios,80eeaf32-4a4f-4aaa-8de0-9cb53d287c35
2f188515,2025-03-30T07:31:29.365837,3411,4,13,93,0.46,441,0,102,stationary,1,False,tablet,chrome,android,d6c7469d-7aec-4307-afda-790177f6efdc
aa673a79,2025-03-30T08:02:06.365837,2472,9,31,25,0.15,409,3,12,right,1,True,desktop,edge,macos,456d6322-ed04-4394-8579-c71e9cf231a2
938e87fa,2025-03-30T08:27:31.365837,5001,4,22,96,0.49,495,3,742,right,3,False,desktop,firefox,android,13fdb330-16a1-4887-8cf8-951dce87a5c7
6c132581,2025-03-30T08:00:53.365837,7499,9,38,80,0.1,555,0,404,stationary,5,True,desktop,edge,android,1599bb9b-c2e0-4356-8532-28f6b9163f95
bde6ad50,2025-03-30T05:48:17.365837,7157,3,29,43,0.74,57,2,427,left,3,False,mobile,firefox,ios,655e27c5-be62-440c-9588-b9cc781feee8
f82d1492,2025-03-29T22:39:08.365837,5141,8,31,38,0.26,238,1,776,left,5,False,tablet,chrome,linux,0d06c8d6-3722-4115-a3f2-d11039679619
2ae08457,2025-03-30T08:08:13.365837,910,3,36,45,0.5,472,1,603,left,2,False,desktop,chrome,linux,2211b045-fb23-41ea-ab65-67a3da6ffcaa
cbfd4f69,2025-03-30T08:29:57.365837,5673,6,38,27,0.55,583,2,413,left,2,False,mobile,firefox,linux,395ca92e-12b8-4364-8f6e-9f649c5d2383
c7c80fe5,2025-03-30T05:34:30.365837,4629,4,8,9,0.76,379,1,655,stationary,5,True,tablet,chrome,windows,c43bdcb1-5ac4-41da-945e-ef61b62b8660
7dcb8e59,2025-03-30T01:09:59.365837,7295,7,38,86,0.44,361,3,201,right,5,True,mobile,firefox,macos,ce6d8845-d85c-4f2b-8174-f7a34735ad63
7d7b5d79,2025-03-30T09:10:41.365837,4368,7,28,66,0.21,141,2,636,right,1,True,mobile,edge,macos,f4467306-eda7-4a29-846e-4a8570f84502
37404c6d,2025-03-30T03:44:44.365837,7926,7,4,16,0.34,289,1,428,stationary,1,False,mobile,edge,android,28abbd4e-2ff7-4753-b723-4759bfcfa3e2
763cb367,2025-03-29T23:40:33.365837,5432,1,38,69,0.19,420,2,19,stationary,3,False,mobile,chrome,windows,74ef8c3d-e81d-4507-9032-21e36f4344b3
b2b968ce,2025-03-29T22:35:13.365837,1716,5,50,29,0.86,364,3,416,left,1,False,tablet,edge,macos,afd0b5a3-84f6-4e8d-ab44-0e6ca9fa3b92
6a95c41a,2025-03-30T04:54:55.365837,3988,4,43,100,0.04,249,3,644,right,5,True,mobile,safari,macos,95750412-4a12-472a-93f0-382341b56059
83e135cf,2025-03-30T04:08:48.365837,2230,7,13,78,0.41,257,0,348,left,2,False,desktop,edge,macos,051fd80a-8870-4b69-b7dc-919f6e9b7d51
a688ec8b,2025-03-30T02:18:09.365837,1246,10,1,31,0.03,476,1,542,left,2,True,tablet,firefox,macos,d593a4b6-e5bc-4633-bc50-54e6de30d58b
b34aacd1,2025-03-30T02:33:53.365837,5459,2,34,55,0.35,96,0,566,stationary,4,False,mobile,safari,android,89a1f7dc-3a77-4721-aa5b-ca1cb466a6a5
2caa12cd,2025-03-30T03:27:04.365837,6149,1,8,43,0.0,211,2,440,stationary,1,False,mobile,firefox,ios,0ce4e1cb-af4b-4e38-b3c3-edc7fa1d36ab
079b85f3,2025-03-30T05:48:57.365837,457,5,18,33,0.49,567,1,444,stationary,1,False,mobile,edge,android,62895893-b01b-4282-911a-31bfd5c1eaa8
93ab54fd,2025-03-30T02:54:27.365837,8602,5,33,32,0.93,520,2,151,right,0,True,desktop,safari,android,382bb27f-e289-4ea4-b14a-a8375edde9e6
7f2b75d4,2025-03-30T02:59:24.365837,4006,9,16,18,0.44,541,1,591,left,5,True,mobile,chrome,linux,00679d14-f54f-4957-b1d9-55ff800594b4
6f2e9507,2025-03-30T08:48:31.365837,2024,9,41,98,0.98,101,3,58,left,2,False,desktop,safari,linux,ed7371ac-0e02-4d0d-a9fb-151934a3f3af
64b2dd86,2025-03-30T10:51:21.365837,5058,2,39,63,0.58,112,0,683,right,1,True,mobile,edge,windows,ed4fd9b6-0155-428f-84fd-a0584628a218
29cdc15c,2025-03-30T10:25:20.365837,9993,4,14,1,0.06,267,2,386,right,5,True,mobile,edge,macos,b889cd71-b57b-4c46-9c67-0242fd70b442
19822f88,2025-03-30T00:42:10.365837,536,8,6,99,0.77,372,3,367,stationary,2,True,desktop,safari,ios,adb6c1c3-d47e-4ef0-a686-70108a974439
fe6fa3e4,2025-03-30T02:59:38.365837,5457,4,29,4,0.07,221,1,197,stationary,3,True,tablet,edge,linux,4bfdafd4-cad5-43e7-a0a8-ce44ff379e1a
fe77ffe5,2025-03-30T02:28:44.365837,6248,1,32,41,0.63,382,2,342,right,5,False,mobile,safari,macos,7cfd0089-e615-4544-8ae9-e89185488d46
a91e0750,2025-03-30T08:27:49.365837,4060,10,34,88,0.83,197,0,761,stationary,3,False,tablet,chrome,macos,0ebd72c8-3871-471a-8eb8-f7105c3bcc96
615b7368,2025-03-30T10:08:39.365837,9822,10,33,61,0.4,158,2,30,left,4,True,desktop,chrome,linux,ed21db08-318f-4b81-bea2-05a5c319c4b9
f7a65160,2025-03-30T09:27:48.365837,2557,3,18,34,0.18,515,3,269,left,1,True,tablet,firefox,macos,ab996a6f-bd92-47b6-bafa-49516af1b07a
791488d7,2025-03-29T22:14:33.365837,3380,7,23,99,0.37,150,3,768,left,0,True,desktop,edge,linux,0cd5378c-4b75-43cb-b925-b52ae0f64554
a52a014b,2025-03-30T02:02:22.365837,99,4,5,44,0.64,448,3,99,stationary,5,True,desktop,firefox,ios,6fc12a16-13b5-4aee-85c4-34e0af3adb9a
a076d44f,2025-03-30T04:03:08.365837,6007,4,35,89,0.86,572,0,458,right,4,False,desktop,firefox,linux,0a0c7550-657b-4de9-bfb0-722792b02af9
85831908,2025-03-30T08:02:32.365837,1981,6,9,51,0.22,532,1,138,right,0,True,desktop,safari,android,5d4330e7-c375-48db-bc60-542ce9ab3712
2d5afb33,2025-03-29T23:29:08.365837,5000,2,27,65,0.67,600,3,546,right,0,True,mobile,firefox,linux,e6721772-b970-4bcb-9c91-f40f4b2ba386
efb8b2b4,2025-03-30T01:55:31.365837,7034,1,26,99,0.85,232,3,354,stationary,4,False,desktop,firefox,android,40e34687-d4cd-49e1-98fd-847b8cea16cb
2f3ef7c0,2025-03-30T02:00:00.365837,7888,4,40,89,0.8,79,0,666,right,5,False,desktop,edge,ios,f9f7e4e9-a8ec-41f4-97e3-9aa17bc36f7a
ac261a86,2025-03-30T09:35:20.365837,2115,5,14,60,0.95,395,3,648,stationary,2,False,tablet,chrome,macos,e6430b14-d25c-44a7-8e36-4a097999d43e
7b21ba8d,2025-03-30T01:13:48.365837,4999,5,47,4,0.6,107,3,690,right,3,False,tablet,chrome,macos,814aa32b-d053-4f48-a596-7446cf78be95
7c3976f7,2025-03-30T10:08:46.365837,3713,9,14,18,0.04,115,3,15,right,4,True,desktop,firefox,ios,f01ac2bc-d9b2-4fbf-b61b-c52d7176cfb9
11c2ac62,2025-03-30T08:02:49.365837,4745,7,28,2,0.84,531,3,232,left,0,True,tablet,firefox,macos,4a918cd6-3ec4-428c-966e-bf7e08a8229b
cb441910,2025-03-30T10:53:58.365837,9396,10,18,69,0.68,394,0,309,stationary,5,True,desktop,edge,ios,308f3b05-2230-4615-8c19-2d7e55ef3562
ff031991,2025-03-29T23:54:22.365837,6416,5,14,58,0.74,461,2,515,right,5,True,desktop,safari,linux,0002c9fd-4de4-40c1-909e-c1d9fbb79084
89d90fd7,2025-03-30T06:21:58.365837,4580,3,16,76,0.57,346,0,660,left,3,False,desktop,firefox,linux,eac68966-ee11-4308-b3f9-eb5a7eb3db92
a5c448c0,2025-03-29T21:58:10.365837,4647,2,2,40,0.09,369,2,217,stationary,0,True,mobile,safari,windows,048b29c5-5302-402c-b345-aed628ed53c8
29dd9bf9,2025-03-30T02:41:49.365837,5899,3,1,24,0.55,260,1,442,left,4,False,tablet,edge,android,79df3a6f-8414-4869-9cf6-f6ecf85272a9
3c1f6dcd,2025-03-30T10:36:27.365837,7455,5,33,15,0.03,284,0,339,right,0,False,tablet,safari,macos,8b0c780e-8b87-4d9e-834b-54157ca4a39c
9d0489b5,2025-03-30T04:07:31.365837,8668,2,47,10,0.9,31,3,544,stationary,2,True,tablet,edge,linux,24ad87c4-a77a-498c-b024-7eef602c666a
c189e683,2025-03-30T02:23:43.365837,6712,9,32,54,0.58,215,3,296,right,1,False,desktop,safari,ios,9bda69f1-69e2-4951-9600-4c29f64cce44
f10d6767,2025-03-29T23:16:55.365837,3025,1,43,6,0.68,481,1,378,left,5,False,tablet,chrome,linux,a09976a6-3c2a-4edd-abbb-7b964d90593c
96e68548,2025-03-30T09:59:41.365837,4257,9,23,9,0.87,573,0,389,right,4,False,desktop,safari,windows,a74a4c60-6408-4e90-99b0-2e3f7d40815e
08f8e9b1,2025-03-30T09:27:06.365837,7568,3,21,20,0.82,555,0,151,left,3,True,mobile,safari,macos,1ca0e486-0ded-44f8-98b2-91d45e0636fa
0abfeb9d,2025-03-29T23:22:10.365837,2013,8,20,86,0.15,69,3,204,left,0,False,mobile,edge,macos,1edf89d3-107a-4ecf-a44d-583db3c2bc7f
c7f5d42b,2025-03-30T06:50:08.365837,7576,2,16,18,0.38,475,2,141,left,2,False,mobile,firefox,ios,ab141789-c70e-4221-8076-0a03611f435b
eb4350a7,2025-03-30T05:12:20.365837,28,9,49,19,0.78,153,3,136,stationary,2,False,tablet,firefox,linux,6cfe3014-40c8-49b3-9fcc-8d771b184952
1f9c2608,2025-03-29T23:37:19.365837,1367,3,46,69,0.54,574,0,291,right,5,True,desktop,edge,ios,b13cb6df-e537-495a-8cdb-d73683dc9e84
cc0b4dd4,2025-03-30T09:14:35.365837,2422,7,46,90,0.88,351,1,671,left,5,True,desktop,chrome,macos,e4c0d67c-013c-4616-afbb-ae45a1a42fc5
91fa6a93,2025-03-30T05:43:02.365837,3200,5,44,88,0.84,66,2,403,stationary,5,False,mobile,firefox,macos,da768afe-8643-45a5-8f56-6c5f70f04c1c
3f5c9842,2025-03-30T08:54:34.365837,7210,8,16,83,0.63,441,0,611,left,5,True,mobile,firefox,android,f3bbcecd-6e10-4e29-859c-949568b96ca3
908a733b,2025-03-29T23:56:09.365837,9377,5,36,68,0.89,247,3,762,left,1,False,tablet,edge,linux,0feebc09-0ca3-4e77-ae9a-069c28950f66
4c37a51f,2025-03-30T00:59:14.365837,7888,10,25,33,0.9,379,2,380,left,5,True,tablet,firefox,ios,dc78b67a-9aa9-40af-b826-c09330f74bd5
36f3ab99,2025-03-30T04:08:58.365837,3083,8,23,67,0.01,415,1,713,right,0,True,mobile,firefox,android,66427a0a-dbec-4d29-b995-42045db0b45c
0101e44f,2025-03-30T06:01:41.365837,8925,3,9,44,0.44,317,1,729,right,4,False,mobile,firefox,windows,ea8d3ccc-3ec0-4962-b5b4-23b5efbe4f42
e7ac1548,2025-03-30T05:17:17.365837,1031,10,41,39,0.21,184,1,305,right,4,True,desktop,chrome,macos,66d37205-6bd9-4311-a0f9-ea64bc252c51
1275dea8,2025-03-30T06:45:43.365837,581,1,40,50,0.36,524,3,692,stationary,3,False,tablet,edge,android,8cdadf47-855e-4da4-b6b6-35130913d628
10a820a2,2025-03-30T03:59:24.365837,9659,1,0,8,0.09,91,0,230,right,3,True,desktop,edge,linux,af72677c-bdea-4031-b108-7f4dae5af1c2
065232f2,2025-03-30T06:28:45.365837,1205,7,9,45,0.58,231,3,127,stationary,1,True,tablet,firefox,android,4c2bc640-fc76-4bcd-bb49-53293e07f5ed
2c378646,2025-03-30T02:04:03.365837,6846,3,20,56,0.41,114,2,174,right,2,True,desktop,safari,ios,e4c2b2a1-d675-453d-883d-7ab0ce1f0a25
5e7838f2,2025-03-30T01:15:42.365837,9033,7,29,51,0.16,237,3,766,right,1,False,desktop,safari,android,1d6ae7da-4d84-4382-be0f-aa62ab25ac04
7352d133,2025-03-30T08:52:14.365837,9998,5,21,69,0.49,177,2,620,left,0,True,tablet,firefox,linux,add69806-168f-4087-a798-b495b45cc9e4
f5718f0a,2025-03-30T09:15:32.365837,421,4,40,98,0.2,228,0,269,stationary,0,False,tablet,firefox,linux,a31ecc24-f07a-4cc6-9f26-2ba5156fefaa
c0c72cd2,2025-03-30T06:32:55.365837,1250,4,25,63,0.77,574,2,383,left,5,True,desktop,chrome,linux,0b4ae095-c418-4dfa-9a6f-f7cfc686720f
8593a4e6,2025-03-30T03:49:41.365837,9685,7,25,35,0.06,210,1,34,stationary,2,True,tablet,chrome,linux,5bc5ea1d-345b-4d63-82f9-94f757246643
ebb9ef42,2025-03-30T00:57:52.365837,7248,2,44,77,0.41,300,1,544,right,1,False,mobile,firefox,ios,265a3c31-8c11-42eb-b2aa-09e457e7dde4
3fb0f471,2025-03-29T22:42:39.365837,6050,6,14,51,0.14,221,1,415,left,5,False,tablet,safari,windows,ca6eae6d-4f58-4600-90e6-af96e4b8a8d2
a0f3704b,2025-03-30T01:51:14.365837,2759,6,1,39,0.83,564,0,80,stationary,5,False,desktop,chrome,ios,860d59f3-b008-48c3-abce-1b11f1977ca1
dd8d0022,2025-03-30T02:42:01.365837,3833,9,32,77,0.94,128,3,148,stationary,4,True,desktop,edge,windows,768fd097-8b4e-4b7f-abe3-acde8c9f9c16
cdedf182,2025-03-30T06:07:48.365837,7311,4,38,51,0.14,240,0,444,stationary,2,False,mobile,safari,android,52a24505-c662-4029-a31c-802c64f8716e
1252e4c6,2025-03-29T23:19:37.365837,8470,2,41,7,0.25,51,3,118,left,4,False,tablet,safari,linux,6c7f1f8c-ceed-48a1-a3b6-17f8203abda9
ec41def5,2025-03-30T09:00:50.365837,4628,8,28,62,0.71,320,2,297,left,3,True,mobile,chrome,linux,a5fe71e8-69e5-4d76-8f4e-807dbfec63b2
9796f20d,2025-03-30T07:04:09.365837,228,5,3,9,0.14,385,0,602,stationary,0,False,tablet,firefox,ios,e7d63e95-8f3c-4196-a7f8-f3e0bed37e0b
2257b98b,2025-03-30T01:31:28.365837,7043,6,42,79,0.97,274,0,214,right,0,True,tablet,chrome,ios,4a81dca1-6a2f-44e8-911f-2cd83a63f2af
5f10dd1c,2025-03-30T09:33:17.365837,5913,8,30,5,0.63,263,2,644,left,1,False,mobile,chrome,android,f3b4dba7-a246-4967-9479-f6d426f02014
f2de5c66,2025-03-29T23:09:58.365837,5644,4,41,73,0.28,195,3,133,stationary,2,True,mobile,chrome,linux,118e840a-0449-4871-ab39-8de3c6a0f51a
3c9d4923,2025-03-30T09:56:31.365837,7876,8,49,45,0.6,274,2,391,left,1,False,mobile,chrome,android,b703b59e-0fdb-46e0-bc4b-976c52fd9a90
b1e83629,2025-03-30T00:52:24.365837,2341,8,39,81,0.97,338,2,254,right,5,False,tablet,chrome,macos,7f890ab8-3016-41f6-81bf-49fe7600ebaf
65c23595,2025-03-30T05:30:27.365837,406,6,31,21,0.25,387,1,758,stationary,5,True,desktop,safari,android,4e2bc430-3827-45e6-8bde-47884245b763
140979c9,2025-03-30T04:56:28.365837,9260,10,8,38,0.79,60,2,103,stationary,4,False,mobile,firefox,macos,8762501c-5894-45a6-bd91-8c32707d94cc
8481a3dd,2025-03-30T02:32:21.365837,8914,3,2,61,0.63,150,1,223,right,4,False,mobile,safari,android,ffb088f8-d122-4707-a0b7-05ed69f3cd2f
dce8e472,2025-03-30T08:51:37.365837,240,7,19,68,0.09,585,1,424,right,5,False,mobile,edge,macos,81fbbcac-544c-4e83-b1b0-4766438ca32b
d998b66e,2025-03-29T22:59:10.365837,7128,7,7,8,0.03,523,2,706,left,1,True,tablet,chrome,windows,fba62917-44c5-4998-8a45-9820f7e4e6f6
10cc79f4,2025-03-30T00:29:48.365837,7400,1,19,73,0.04,502,2,194,stationary,2,False,mobile,edge,android,a47eda4d-0c04-4f4c-befc-94e532c8c667
36e88e86,2025-03-30T07:12:08.365837,1619,5,16,43,1.0,84,1,118,stationary,3,True,desktop,edge,android,f3848a12-cc53-4270-9d31-b4e09dd9a7fe
b3a6dcaf,2025-03-30T10:04:15.365837,1212,8,37,90,0.93,286,3,480,stationary,1,True,tablet,edge,windows,d48cffea-c5b7-4f90-8a39-e0fb8df8969b
78b3a1d8,2025-03-29T21:49:36.365837,4569,6,14,6,0.11,128,3,672,right,5,False,tablet,edge,ios,0f1386b0-be85-40bf-a9e5-434bc0834e39
97b1cd58,2025-03-30T05:55:26.365837,4789,1,6,49,0.32,364,3,700,right,4,False,tablet,safari,android,ed47bfe6-ea29-4312-b66a-173468c0f391
44d7c13d,2025-03-29T23:07:42.365837,5797,9,20,69,0.47,370,1,744,right,0,True,tablet,firefox,macos,a9d8e25d-631e-4a65-bb4a-74bccdde73ea
5d5e62b9,2025-03-30T10:42:44.365837,8359,10,24,81,0.58,589,1,596,right,1,False,desktop,chrome,android,684a4e55-02e6-4163-bb57-99ec0abb3eb6
df1054b2,2025-03-30T06:17:47.365837,9051,9,30,53,0.06,51,3,629,left,5,True,tablet,firefox,windows,96dd84bc-eccc-4017-a739-d1ed1ab33799
7f7326f3,2025-03-30T04:51:37.365837,8711,9,14,47,0.73,484,1,742,left,1,True,desktop,safari,android,1c4605cd-9bba-41ad-bc6e-549e78188c16
1dd8dc79,2025-03-30T00:25:35.365837,3888,2,7,94,0.24,395,2,184,stationary,0,True,mobile,chrome,windows,7f76ff1c-724b-4c8f-8850-cdbb99458f4f
3c70b875,2025-03-29T23:08:05.365837,3064,7,6,67,0.88,403,3,94,right,1,True,tablet,edge,macos,ad265fec-c5eb-407e-b9e9-115aa5a8ea2e
68eb83a8,2025-03-29T21:46:54.365837,3006,1,26,99,0.62,382,2,328,left,3,False,mobile,firefox,macos,b387ed31-137e-495d-b975-503d29debbff
c52589a9,2025-03-30T08:31:17.365837,9132,6,15,61,0.89,188,2,511,stationary,5,False,mobile,edge,macos,6303183b-c765-4ad0-968c-cd3424c04685
121aa6f6,2025-03-29T23:50:13.365837,7142,3,13,60,0.96,457,1,610,stationary,5,False,tablet,edge,android,22934100-d25d-4abf-99d2-e753987292b1
06009a69,2025-03-29T23:41:59.365837,934,2,40,80,0.5,104,2,429,left,0,True,mobile,firefox,android,3bdd50db-0ac2-48ca-9531-b0e10076ef75
50ab5a4d,2025-03-30T08:23:04.365837,3978,1,3,22,0.95,259,2,753,left,3,True,tablet,firefox,linux,c428ba0c-582d-40c6-9046-956536e69ae8
f0d3f5d6,2025-03-30T01:05:09.365837,2216,9,46,30,0.44,81,1,287,left,0,True,mobile,chrome,android,d8098f02-5539-4434-883f-11d6b2361f9f
b0049601,2025-03-29T23:15:47.365837,2310,7,42,48,0.04,467,3,656,right,1,False,desktop,edge,android,41374b0f-3d31-47c4-8225-3ba4b3fb2b40
cdd1cfb1,2025-03-30T07:16:13.365837,5447,2,33,49,0.67,573,0,288,left,4,True,desktop,edge,linux,352ceb7a-b9bf-441d-be46-284718fba0fa
4e4e2da3,2025-03-30T07:25:54.365837,4044,10,41,42,0.32,373,3,494,right,1,False,tablet,safari,ios,d578040c-009d-43c8-8a5e-5937a0d16bae
5ba286c1,2025-03-30T05:05:48.365837,6347,6,47,48,0.11,334,1,44,stationary,4,True,desktop,safari,ios,3858829c-b764-4b7f-97b4-273f842eba91
a63041ae,2025-03-30T07:45:56.365837,3871,6,48,89,0.37,470,2,343,right,2,False,desktop,chrome,linux,db7f135d-7969-4da4-8100-33826cea69cc
3bfcc312,2025-03-30T10:43:47.365837,5934,10,28,21,0.28,489,2,292,right,2,True,mobile,edge,android,b7dbc3c5-8042-45e2-9290-af3d4eb1d6dc
7a5b964b,2025-03-30T08:25:32.365837,4313,5,22,0,0.46,98,2,579,right,5,True,tablet,edge,ios,a5a9fa88-d936-466c-89a0-544cfc412692
5bc39856,2025-03-30T10:06:34.365837,1870,6,12,96,0.72,466,1,450,right,3,False,mobile,chrome,linux,a6dc0cbe-28be-43c6-97a6-ae24b56c8c16
fc106ec6,2025-03-30T03:56:19.365837,3718,8,7,60,0.16,432,1,36,stationary,3,True,mobile,firefox,android,5d32231c-1132-4444-a23c-54d71fa8e371
77c90ed4,2025-03-29T23:46:38.365837,3578,3,31,36,0.31,111,3,771,left,4,False,mobile,edge,android,0d78730d-75e1-414d-b5ca-9db3258bd5ee
102c0c1b,2025-03-30T00:53:02.365837,8316,5,28,36,0.62,81,2,504,left,4,True,mobile,edge,linux,c3526e25-4c23-4ef7-b79e-2878c5044251
d85b73f6,2025-03-30T07:04:12.365837,495,8,36,39,0.09,187,0,243,right,3,True,tablet,edge,linux,45e624f6-36c3-456f-831f-3abf95cb6f67
16300f9c,2025-03-30T10:53:05.365837,701,2,8,18,0.54,322,0,334,stationary,3,False,tablet,firefox,linux,18346518-6b40-4525-a350-c633e788e5a5
3819fe7b,2025-03-30T03:51:41.365837,1011,2,6,69,0.79,461,0,573,stationary,1,True,tablet,safari,windows,d4db1f1b-bf6b-4388-ae6a-5a37492f0295
c04f3d7d,2025-03-30T05:04:56.365837,3508,2,32,5,0.61,187,2,249,stationary,0,False,mobile,edge,ios,708b32d7-b648-46fa-899c-570636d1f430
8a558996,2025-03-30T06:00:05.365837,2883,2,13,6,0.92,42,0,424,right,2,False,mobile,firefox,ios,5ed7d899-3cb0-4e1e-b601-7407ea53a8a1
12cd3e05,2025-03-30T05:02:28.365837,1622,10,27,20,0.2,594,1,109,left,1,True,tablet,edge,linux,8477fa2d-2c9c-4b30-8eb5-73e0f77225bf
8138c632,2025-03-30T03:35:43.365837,8694,5,3,89,0.66,125,2,680,left,2,False,desktop,edge,windows,6f937665-a787-4316-8cda-f3d841c7d8c0
24ac22eb,2025-03-30T09:20:52.365837,5539,2,26,68,0.78,83,2,662,left,3,False,mobile,edge,android,10187284-c617-4cc7-897e-1dce46de7611
82ed6e3f,2025-03-30T08:47:22.365837,402,5,42,46,0.64,248,0,55,stationary,0,False,desktop,safari,ios,325d4f04-70e8-4071-82a1-8b4b54d4a632
6afea85b,2025-03-30T01:04:58.365837,2629,2,22,75,0.3,394,0,581,left,1,True,desktop,edge,ios,0897f558-3c9f-42a7-b3e1-ad389d9f3cc4
36e52bfb,2025-03-30T09:48:30.365837,981,6,47,8,0.43,429,2,160,left,4,False,tablet,firefox,linux,5d094400-f6bb-49fa-9478-319bc8127651
9a879335,2025-03-30T06:49:30.365837,6962,1,10,51,0.28,301,2,777,stationary,1,True,tablet,firefox,windows,68f9b6ac-47e6-41b4-b02c-65cf3edc7ff4
1115b009,2025-03-30T10:29:56.365837,3942,1,35,72,0.53,309,2,43,right,1,True,desktop,safari,linux,aad64ff5-964f-4926-9e0a-73b87caac5e8
8b7510cf,2025-03-29T21:49:00.365837,946,4,23,91,0.79,296,0,104,stationary,0,True,tablet,firefox,linux,3a4590bb-5cff-44a5-8c7b-5f5957f0d6b7
63b546d5,2025-03-29T22:11:21.365837,4999,1,36,82,0.7,317,2,270,right,3,False,desktop,chrome,ios,363ee214-4e53-4fb6-981b-75474ef4a3b6
5b84b8c2,2025-03-30T03:38:13.365837,7158,7,25,12,0.2,221,3,800,stationary,1,False,tablet,chrome,android,e80bbade-2782-4cf8-974c-cb130c95aeb6
c2d1369a,2025-03-30T00:42:58.365837,5188,3,16,15,0.27,183,3,53,left,5,True,tablet,chrome,macos,e6a01200-5e8f-4e6d-bcad-7821446380c8
e920d5e3,2025-03-30T02:29:57.365837,1024,4,47,47,0.4,235,2,296,right,3,False,tablet,chrome,linux,69b66aef-502c-487c-8d8f-c5f48fab68dc
22ed2dd6,2025-03-29T21:43:03.365837,4428,8,6,12,0.33,73,1,736,right,0,False,tablet,firefox,linux,10302f73-273d-4272-b4e6-cd24f686ae41
f0ce3a56,2025-03-29T21:45:14.365837,4449,1,40,7,0.78,535,0,87,left,5,False,tablet,edge,linux,7e23948b-56d8-4f09-a59c-5bf50a383457
90f82234,2025-03-30T03:22:03.365837,2024,9,19,36,0.43,242,0,467,left,5,False,tablet,firefox,ios,0134d4e4-fa85-4e3a-8ff7-62566d3812b4
cac60237,2025-03-30T09:38:05.365837,1007,10,5,61,0.84,561,0,99,stationary,2,True,mobile,firefox,ios,94593d0f-86a2-4f3f-b019-155ef5f4ce67
f87ab288,2025-03-30T02:38:59.365837,9452,1,39,62,0.07,363,2,7,left,5,False,mobile,chrome,android,5e02879e-c8e5-40ec-96af-00b4d44bd142
94b7f97f,2025-03-30T00:15:18.365837,5788,9,47,59,0.64,263,3,185,stationary,2,False,mobile,edge,windows,c9146ae9-c725-4841-9d33-033a22107b0d
a5cfd9c3,2025-03-30T01:36:40.365837,1843,3,31,53,0.85,360,2,656,left,0,True,desktop,safari,macos,4838d7e6-e527-4740-bbac-8349c84bfab5
146e5d9a,2025-03-30T10:16:39.365837,9016,6,16,48,0.17,124,1,169,stationary,1,False,tablet,chrome,ios,8c943e55-c7ca-458d-9fa5-1ab0c82c3b68
a524dc4a,2025-03-29T22:24:28.365837,1167,4,12,60,0.16,456,3,291,stationary,2,True,tablet,safari,linux,1bf7e9ea-c2ef-46b3-9c6a-2a6db023d1e2
b91d8823,2025-03-29T23:31:41.365837,9548,10,27,22,0.06,35,1,430,left,2,True,tablet,safari,windows,f8111e49-2a4f-4671-b75f-8ff97382fa52
dbdd5b1f,2025-03-30T08:19:32.365837,3084,4,27,2,0.04,525,0,589,stationary,5,False,tablet,firefox,macos,e324bfa3-7a8b-4528-aab7-a440e1fc15c1
45faf2f0,2025-03-29T22:22:15.365837,604,4,8,79,0.1,364,3,631,right,3,True,mobile,chrome,macos,f8b4bb99-fedc-42d3-8b80-5a0220a9ec88
3975c520,2025-03-30T07:00:22.365837,5010,9,5,71,0.77,537,3,712,stationary,5,False,desktop,chrome,android,bd683907-b8ed-4f64-93da-5e872e352ee9
8f18014b,2025-03-30T06:31:28.365837,6965,10,36,57,0.3,246,1,367,left,0,False,desktop,safari,linux,5fdb876a-3e40-4aa8-aa85-e3c98ed118e5
523004c4,2025-03-30T05:28:42.365837,6921,1,34,88,0.13,37,3,464,stationary,2,True,mobile,firefox,macos,ee51a12e-f6b5-47d7-8c2c-898585558233
6e90e254,2025-03-30T10:30:28.365837,7905,10,34,6,1.0,439,0,92,stationary,4,True,desktop,firefox,android,1f897f78-e57e-4333-a263-622d381ef23f
f799d2b2,2025-03-30T09:07:39.365837,7321,6,28,59,0.78,540,2,412,stationary,4,False,mobile,safari,windows,15dbc4e3-0c1d-43f4-b060-ba52b249a458
3f84748e,2025-03-30T08:21:12.365837,5637,10,40,25,0.26,580,1,538,stationary,4,False,desktop,firefox,ios,10732c5b-161a-47f5-b001-8adb21cd5aa2
9d22997e,2025-03-29T22:21:22.365837,2650,2,36,17,0.28,394,1,601,stationary,4,False,mobile,chrome,ios,fe760d89-45a7-4d34-baa4-8f3613b71b11
61910c08,2025-03-29T22:49:27.365837,558,1,17,17,0.59,180,3,234,stationary,4,False,tablet,chrome,android,d163a80d-06c5-4989-8247-99b7633ffd7d
560312de,2025-03-30T00:53:34.365837,6326,7,43,67,0.61,336,0,616,left,5,False,tablet,firefox,ios,2c410ec0-655c-4be1-ae0b-5975bf83d7bc
000265d6,2025-03-29T23:14:16.365837,5174,6,40,80,0.88,194,2,557,left,2,True,mobile,chrome,macos,5419cd8d-065e-492c-b7fe-3810f9da1281
e1a01b34,2025-03-30T04:47:43.365837,7361,5,28,48,0.46,224,0,771,left,3,False,mobile,chrome,android,07fa013c-0752-424d-a10e-3be34ffecb02
72f7f28e,2025-03-29T23:43:18.365837,8528,1,30,8,0.41,171,2,611,left,2,True,mobile,chrome,android,d9662624-3edf-4441-8098-e8816a5e343f
fc405a69,2025-03-30T04:57:47.365837,465,10,0,92,0.15,40,0,329,right,3,False,desktop,firefox,linux,5e24b497-9ed5-431b-91b0-60c82de0b391
29a836da,2025-03-30T07:49:29.365837,3052,2,46,53,0.02,195,3,281,stationary,2,True,tablet,safari,ios,19341e28-bd75-49aa-a0f3-257f7bed1f03
f61ff3a7,2025-03-30T00:44:21.365837,6031,9,40,43,0.37,252,0,317,right,4,True,mobile,firefox,ios,e3edcb00-2dfa-438f-8bcc-52b64bd8cef6
75c4bf3e,2025-03-29T22:07:10.365837,5603,2,47,13,0.58,382,0,461,left,1,False,tablet,firefox,android,2e5f7a0c-7602-44cd-9b92-55999463c2f3
8f7341e3,2025-03-30T09:33:47.365837,3032,7,34,62,0.37,69,1,145,right,4,False,tablet,edge,android,dd204154-df03-4419-aafe-20c0027c2f4f
e280326a,2025-03-30T05:29:02.365837,2263,6,16,49,0.9,214,1,564,left,4,False,mobile,chrome,windows,9390293f-4d69-4956-9a63-f352f4cef2e0
ffb546b5,2025-03-29T22:32:29.365837,832,7,8,48,0.09,215,2,336,left,5,False,desktop,chrome,macos,4f8e693d-61e9-406a-970e-b05fbb8c2108
a11845b1,2025-03-30T09:28:48.365837,2387,1,23,67,0.34,579,2,778,stationary,1,True,tablet,edge,linux,e5c344ec-d19f-4ece-a750-2051c618bf18
e22a9939,2025-03-29T22:16:20.365837,2098,5,46,63,0.57,260,0,111,right,1,True,mobile,safari,ios,17305ece-7ad9-4706-b1fd-2c8ebcf01079
755b0a1b,2025-03-30T05:39:38.365837,4188,1,21,48,0.12,470,3,784,right,1,True,tablet,safari,android,53e579e8-c637-46bb-85f6-d774877ee1d4
88430204,2025-03-30T04:03:15.365837,1164,8,15,41,0.16,237,3,376,stationary,4,True,desktop,edge,ios,f37b38a5-409a-4f62-8764-c38555fedb13
746ffb49,2025-03-30T05:45:50.365837,3065,5,11,37,0.47,296,2,105,left,5,False,tablet,firefox,ios,3aefdff9-e6c0-4275-8e9b-5097313bdc53
2f5f46bd,2025-03-30T02:55:51.365837,1831,8,45,46,0.65,157,2,250,stationary,0,False,desktop,firefox,android,10c9c3a9-fd01-43e8-b3f0-34e306733535
5dd55269,2025-03-30T04:04:53.365837,5880,9,23,100,0.54,536,0,733,left,1,False,tablet,safari,ios,07af5391-9ea4-4d12-a9af-e605e1d33486
5404534d,2025-03-30T05:10:59.365837,35,9,44,51,0.94,375,2,206,right,5,True,mobile,chrome,android,2083bb1b-60b0-40d6-979b-fe6343b19808
0926e490,2025-03-29T22:07:02.365837,2563,9,18,17,0.44,547,1,556,right,2,True,tablet,firefox,ios,68744333-c713-49f0-a887-78404959ea37
2d30209f,2025-03-30T05:20:00.365837,242,5,0,78,0.81,523,1,147,stationary,3,False,mobile,safari,linux,6cab21df-60af-43bd-b2e0-317c2a41ef8e
1713dfb6,2025-03-30T00:56:45.365837,5368,6,28,66,0.65,194,3,459,right,1,True,tablet,firefox,macos,0f8b58c7-a88e-4e38-a592-773a8d856c5e
9d385b16,2025-03-30T01:51:58.365837,310,1,37,21,0.12,367,1,700,right,5,False,mobile,safari,android,13453906-ee6c-46e9-a023-2314f47db6ee
d7095769,2025-03-30T01:00:38.365837,4866,9,8,20,0.93,579,3,94,left,4,True,desktop,firefox,windows,51492c52-ac09-4fb9-99f7-89cffa7eb0aa
429f8916,2025-03-30T00:09:19.365837,1953,1,0,17,0.08,235,0,693,left,5,True,mobile,firefox,android,c0a5d089-1cfb-47e9-b3ec-cf3538eb2ebf
ba99b251,2025-03-30T02:51:30.365837,3663,1,29,32,0.65,285,3,245,stationary,1,False,mobile,chrome,ios,3bd975fb-9128-4242-bd50-e7cf06ecd817
ff6b1a48,2025-03-30T04:43:35.365837,8076,1,16,66,0.89,134,0,348,stationary,2,True,tablet,chrome,macos,82597b6a-ab7c-4488-a1fc-e029a9f5ae9c
816e15f4,2025-03-30T06:53:08.365837,599,6,45,49,0.02,386,3,191,stationary,0,True,mobile,firefox,windows,24db93a4-7778-4591-b1e9-5795caed0ff1
a067499a,2025-03-29T23:03:36.365837,5682,2,21,20,0.41,477,3,10,left,0,True,desktop,chrome,android,e15bf79d-7418-4627-be01-efc2a2823641
720a07e4,2025-03-30T03:32:12.365837,2706,5,10,65,0.98,234,3,765,stationary,3,True,mobile,edge,macos,a9c7dea8-e183-4463-85a0-34a0d44ece89
f1a04e16,2025-03-30T08:28:49.365837,5119,4,46,33,0.17,271,3,11,left,2,True,desktop,chrome,macos,045efad9-3597-4c56-9abb-ea71fd6c2da7
9ffccf93,2025-03-29T23:48:49.365837,1234,3,45,60,0.09,185,0,712,stationary,3,False,mobile,chrome,linux,383b6abd-c710-4b6f-9e14-4e32941df6d8
56a606bd,2025-03-30T03:20:15.365837,2576,1,46,69,0.73,150,0,372,left,5,False,tablet,edge,windows,27f1fe6e-4b01-483d-bf55-955b48b3fa39
63fe8b14,2025-03-30T04:17:00.365837,2522,7,21,23,0.33,248,0,707,left,4,True,desktop,firefox,macos,534ee963-3dd1-4f46-97dd-b8c1761e0eec
f474f72e,2025-03-30T00:35:10.365837,4619,4,11,97,0.89,479,2,601,stationary,5,False,mobile,firefox,macos,6f8370a2-6a4c-4326-a5e7-550474cbf88e
dcfa9ab3,2025-03-29T23:07:27.365837,850,9,5,58,0.66,458,1,526,right,2,True,mobile,firefox,macos,ce05dd48-72a1-459e-a444-3105d5426d76
21c5808d,2025-03-30T05:37:23.365837,5919,5,39,17,0.22,68,0,26,stationary,2,False,mobile,edge,android,be8836cd-d861-4b38-9a0b-2010b038894e
7a311ed7,2025-03-30T01:44:11.365837,2061,7,21,16,0.2,562,1,302,left,0,False,desktop,edge,android,4e5f4f8d-33d3-4756-9955-d7ba58702485
02c75805,2025-03-30T05:07:41.365837,9773,2,18,83,0.99,126,0,611,left,0,True,mobile,safari,android,a3ec03b2-f0e3-4696-816d-9951f210600d
3060bfb6,2025-03-30T09:59:39.365837,7601,1,42,80,0.79,513,0,392,right,1,True,mobile,safari,ios,ddd2c195-cd45-4f11-a774-65fc701689f1
a39c1916,2025-03-30T04:27:41.365837,1141,8,16,72,0.32,112,3,619,right,3,True,desktop,firefox,ios,743ba237-6b03-446a-82f9-421d61301762
cd9d3d0f,2025-03-30T05:04:10.365837,6797,6,12,90,0.6,446,1,380,right,1,True,desktop,firefox,linux,d99fa0a3-cd6b-4c49-a167-60db8fb33251
04dbf122,2025-03-30T00:25:30.365837,4239,1,21,78,0.89,132,3,271,stationary,0,True,mobile,chrome,windows,3494cbb6-1ecd-4a6c-b29c-7f788d9cce5f
96402566,2025-03-29T21:56:11.365837,7802,3,6,54,0.15,556,0,216,stationary,5,False,desktop,safari,linux,09507106-6cae-44e4-befa-9fccfebbc52e
d5b1be53,2025-03-30T07:53:58.365837,5793,8,40,34,0.85,421,3,690,left,2,False,tablet,safari,linux,fe668826-93b3-4e79-9cab-ce00712091c3
fd3b1a28,2025-03-30T02:53:36.365837,6995,1,2,36,0.17,68,0,312,stationary,3,True,mobile,chrome,ios,cf4f6672-1370-4e6c-9507-7ff49bcfebde
40d8051e,2025-03-30T06:59:05.365837,5060,1,0,87,0.27,269,2,51,left,5,False,tablet,edge,ios,5fee06ac-78c1-4b8f-b432-0f78b646a983
742c1be7,2025-03-30T03:23:05.365837,6515,4,16,51,0.3,101,2,634,right,4,True,mobile,firefox,windows,0d70d7f6-107c-441f-abb0-2be864de94ca
bf06b568,2025-03-30T06:55:54.365837,1248,10,44,56,0.92,388,2,221,right,0,True,desktop,firefox,windows,aa84e99d-776c-45e9-94fd-2c128faf9c16
4b5d35a5,2025-03-30T03:49:18.365837,7031,2,30,94,0.3,500,1,122,stationary,1,True,mobile,edge,linux,87c69622-bb3e-4988-ae5e-9360e77d5f5a
085b9174,2025-03-30T09:10:51.365837,4242,1,17,10,0.61,230,0,529,right,5,True,tablet,chrome,linux,5f8a3ded-d577-46f3-bb3b-695b88efd489
37befb91,2025-03-29T22:19:18.365837,9754,8,18,73,0.71,61,2,647,right,2,True,desktop,safari,linux,c4bdd322-eacf-40f9-9049-122f506a7646
0bfd68fd,2025-03-30T09:35:20.365837,3982,4,19,24,0.51,71,1,626,left,0,False,mobile,safari,macos,6831080d-d2d1-4847-8503-1bbeb38e516e
ff8d3095,2025-03-29T23:43:45.365837,46,8,42,72,0.18,70,0,370,left,5,False,desktop,safari,ios,f18eb92c-e3bb-41c4-b0b0-9bedb76e1f1e
9f700e92,2025-03-30T02:30:30.365837,6591,3,18,37,0.43,349,3,583,right,0,False,tablet,firefox,android,a4d9609f-bd7e-4fc5-b506-f5888d1cbf5e
3594fe0f,2025-03-30T10:09:04.365837,2376,4,1,2,0.54,351,2,459,right,4,True,tablet,edge,android,431bf6c6-e818-482f-b9d2-882c20ee56d7
538136e8,2025-03-30T10:29:15.365837,4282,10,5,93,0.63,532,1,571,right,3,False,desktop,chrome,ios,ed774cb4-bdd6-486b-bf52-ed300202a6fd
81e30a1c,2025-03-30T02:41:36.365837,1048,4,44,24,0.82,171,0,669,right,2,False,tablet,chrome,linux,57f4836d-de4e-4bfe-8290-f78372978a80
8890c2fd,2025-03-30T00:46:48.365837,1880,10,31,50,0.4,600,0,118,right,3,True,tablet,firefox,macos,7b99883d-37e8-454d-85e7-0ff5708c017f
9c41ff95,2025-03-30T07:40:35.365837,4470,1,48,52,0.53,556,3,570,stationary,3,False,desktop,chrome,windows,f0998eda-b7b2-481b-ab5a-19b210dff0f8
f7bd0eba,2025-03-30T04:57:57.365837,798,4,34,44,0.84,339,3,249,right,5,False,desktop,safari,android,3ea517c3-10ed-49c0-bd90-cc24d47919d0
2a2dd763,2025-03-30T09:45:06.365837,2028,9,48,98,0.49,35,3,242,stationary,4,True,tablet,chrome,ios,2e87e03c-9ae2-42ef-8dec-3c4e2e04358d
79dd5a91,2025-03-30T10:16:23.365837,4840,2,0,1,0.3,331,3,94,stationary,4,False,mobile,edge,linux,088e3dbe-b33a-4146-b405-18d1927d7ab4
d1a9063f,2025-03-29T23:58:42.365837,461,2,6,96,0.63,169,3,614,left,3,True,desktop,safari,ios,38360883-e188-4570-ba31-1052ab89a1ae
107f3683,2025-03-30T01:19:52.365837,3326,10,3,4,0.53,171,0,376,stationary,1,True,mobile,edge,windows,f060fe2e-26e5-4719-bef3-3f8ea4911d92
95ca890c,2025-03-30T10:05:58.365837,8797,6,18,47,0.64,407,0,403,stationary,0,True,mobile,edge,linux,c9216225-9915-4ed8-80cf-2616cdd043ce
9adfa2f5,2025-03-30T02:44:50.365837,7819,5,12,26,0.92,32,1,432,left,3,True,desktop,edge,linux,0f271d34-5c89-4d4b-b980-8d2320f6274e
38aa813e,2025-03-30T02:57:39.365837,3107,2,42,0,0.12,208,0,552,right,0,False,desktop,safari,windows,ca1851cc-93aa-42b0-91dd-9c8ed05ab3c3
416d208a,2025-03-30T00:23:57.365837,3164,7,10,13,0.71,316,1,102,right,3,False,mobile,chrome,android,edb300e3-04fd-4fad-894f-e3d31fc1b943
7662ff88,2025-03-30T00:55:59.365837,8649,10,24,41,0.16,470,3,529,left,5,True,tablet,edge,ios,278fb42f-8bf7-4203-8f0d-6f25a0baba4c
a7d3d1a8,2025-03-30T01:41:05.365837,5652,1,20,99,0.16,518,3,97,left,5,False,tablet,safari,windows,a552e579-ce11-42a9-94f5-703d4feea2ef
d7fc4a80,2025-03-30T00:39:57.365837,904,9,32,40,0.04,471,2,30,stationary,3,False,mobile,chrome,android,a2f33b19-4c9e-49ab-b9e1-64076a204f52
061429ea,2025-03-29T22:07:56.365837,6813,4,18,81,0.66,322,2,764,left,3,True,desktop,edge,android,8aa6b8a6-da20-474c-9f44-c3d919f415b2
75d3d0c5,2025-03-30T01:06:33.365837,795,4,41,87,0.66,174,2,522,stationary,3,False,mobile,edge,macos,fa615af3-08f4-4568-bf98-a82f241730fd
3177d7a3,2025-03-30T07:52:10.365837,4987,8,18,37,0.53,57,3,208,stationary,1,True,desktop,firefox,ios,75ce04c5-d13a-4091-80a8-6f50419915e0
92cb2eb7,2025-03-30T07:54:24.365837,1482,7,46,51,0.66,179,2,113,right,3,True,tablet,safari,windows,a405e22b-82f1-42e3-9386-3becacb7c2a5
eee5193a,2025-03-30T02:59:13.365837,7875,4,7,68,0.88,196,3,496,right,4,True,tablet,chrome,macos,c2dc45f9-6a51-4fe9-a45c-eb9f22f7b292
c120b707,2025-03-30T06:15:51.365837,4595,6,11,39,0.53,537,1,366,stationary,3,False,mobile,edge,android,10b0d757-2047-46bf-9b7b-c078446ca6f7
927771b9,2025-03-30T08:15:51.365837,5979,3,1,17,0.89,296,3,680,stationary,0,False,mobile,safari,windows,76e34ada-712d-45a2-b339-d36b0fa95dab
659ca791,2025-03-30T06:17:07.365837,6511,7,6,44,0.14,273,1,326,stationary,2,True,mobile,safari,macos,f7c44866-97fc-4139-a24a-f2c893d4583e
ea0f4be8,2025-03-30T08:40:13.365837,7152,9,31,98,0.47,460,3,49,right,2,True,tablet,chrome,linux,69e4b6fc-3e10-4d52-b9c8-0bc43c5ea3d4
5f564438,2025-03-30T05:02:02.365837,9244,1,45,85,0.5,376,1,81,stationary,2,True,tablet,safari,android,1e1ae20c-2988-4ee9-b08f-3194840b8772
b078bc85,2025-03-29T22:56:31.365837,6668,5,34,28,0.6,134,0,206,right,5,False,mobile,safari,windows,790e1662-495b-419e-955f-15ed5792038e
35b9d3b2,2025-03-30T08:19:45.365837,1049,3,10,28,0.57,139,2,212,right,1,False,mobile,firefox,linux,b4b6a198-7ad0-4f29-82e8-100879eab4ec
29e59397,2025-03-29T23:00:13.365837,1820,7,30,96,0.87,586,0,259,right,3,True,mobile,safari,ios,01c9dc8e-54b8-4de6-9e2b-a937ea51e4ce
345bce35,2025-03-29T23:18:35.365837,3445,3,36,2,0.54,357,1,146,right,0,False,desktop,edge,windows,aaeef4d6-5877-4404-a59a-9d183e3f236e
7bea9a2c,2025-03-30T03:47:56.365837,9375,10,39,96,0.87,568,2,137,left,4,True,desktop,edge,android,bf4a2360-db52-42c1-bb1e-31c530448acc
e907cac3,2025-03-29T23:40:20.365837,4306,3,10,92,0.49,174,2,164,left,2,True,desktop,edge,linux,bce63133-f633-4e6c-b271-ce48e9ae2ee1
51c9aac5,2025-03-30T03:09:41.365837,3859,9,26,2,0.15,142,3,552,right,3,True,mobile,safari,windows,880953fa-6f7b-42df-aebf-edf1cfd67fd0
588b0e09,2025-03-30T09:36:21.365837,1682,1,45,15,0.76,122,0,320,stationary,2,False,mobile,safari,windows,5b448e78-7be7-481d-a8bf-8a83f55f22db
b14e940e,2025-03-30T10:29:14.365837,9769,4,40,28,0.5,87,2,770,right,5,False,desktop,safari,ios,652d6f81-bb7f-4d37-ad30-3499d0bf3b7c
7db0633d,2025-03-30T04:42:05.365837,1529,6,29,41,0.17,318,1,434,stationary,3,False,tablet,firefox,macos,71e0ee37-0381-43dd-bed3-d8777ee6dc66
959ffcc4,2025-03-29T23:14:31.365837,4057,4,48,18,0.08,432,3,641,left,3,False,tablet,edge,macos,b114b4e8-cd6f-4e47-a562-a13577793a6e
5e02bee3,2025-03-30T08:36:31.365837,7234,5,22,17,0.52,162,0,546,right,3,True,desktop,firefox,windows,08ea311d-4239-460e-b908-dd2a89d79a64
7a88193d,2025-03-29T22:31:46.365837,203,5,47,19,0.24,80,1,731,right,3,False,mobile,firefox,android,1144f7e6-ce33-4b89-8ac1-60072eebb73c
95a9e623,2025-03-30T08:01:09.365837,1843,8,14,49,0.39,450,0,157,right,0,True,desktop,chrome,android,9d2ce837-fafc-4705-8c3b-1b99afdcc799
5ab5c927,2025-03-30T01:05:16.365837,4978,5,27,0,0.58,242,1,121,left,2,True,desktop,firefox,macos,5058519c-dfc5-4a83-bc6c-d39827d5e8d9
cf28d908,2025-03-30T08:53:58.365837,9235,3,23,60,0.65,273,1,308,left,4,False,desktop,safari,macos,5b64447e-3a72-4fe3-88a9-b440f18b72e2
f11c0abb,2025-03-30T10:35:52.365837,8909,5,19,98,0.52,470,1,236,stationary,1,True,tablet,edge,windows,428c1c95-53eb-4854-89d4-609c23c48d6b
f798b275,2025-03-30T00:23:07.365837,7156,1,9,78,0.84,69,3,73,right,1,True,desktop,chrome,macos,4f19c1dc-1d34-4459-b658-e1c50c641f7a
ecc62374,2025-03-30T01:43:36.365837,6520,10,28,83,0.21,377,1,272,right,3,False,mobile,safari,ios,99f94c65-8a6d-417d-af5e-684db26099d4
6326cca8,2025-03-30T08:57:18.365837,9135,9,27,28,0.84,213,0,790,left,5,False,desktop,firefox,macos,e8a8b30f-7729-49a1-8905-20325d67a267
6d7527be,2025-03-30T05:30:36.365837,5876,7,49,96,0.84,80,1,462,left,3,True,tablet,edge,ios,13212aa7-b3bc-468f-ac5a-75b4bf9b3b77
0f73092b,2025-03-29T21:47:39.365837,2061,6,50,16,0.46,351,3,357,stationary,4,False,tablet,chrome,windows,c82e0fa4-75e1-4fc7-879f-a77267cd6859
69f8d1bf,2025-03-30T00:10:37.365837,9988,1,36,65,0.33,149,1,210,right,4,True,mobile,safari,macos,bae78499-0b32-4c06-be51-415bee0b4b42
4d5a1f51,2025-03-30T09:23:19.365837,9677,7,15,93,0.61,458,2,696,stationary,0,False,tablet,edge,macos,4dfd1626-081b-4c3b-a219-d7f1d766e113
9131497c,2025-03-30T09:50:58.365837,469,3,18,36,0.13,584,0,671,stationary,4,True,desktop,edge,android,449d13ab-2b70-49d8-b58a-9aeb34af18f1
389292f9,2025-03-30T01:49:44.365837,7453,6,47,19,0.73,184,2,587,right,4,True,tablet,chrome,windows,7bd8d8c8-a6f3-4994-9163-cc97ede3aedd
a4b34d8d,2025-03-29T23:34:35.365837,5739,9,30,8,0.85,538,3,77,left,3,True,mobile,chrome,ios,adf284d6-03bc-4e03-b487-86e665214e33
2ca462d4,2025-03-30T08:22:12.365837,5912,2,31,37,0.09,337,3,159,right,1,True,desktop,firefox,android,cafb2a2e-d187-4724-b195-7790252dab0f
5e43656f,2025-03-30T01:58:19.365837,4901,8,24,89,0.12,574,0,406,right,0,True,mobile,firefox,windows,0a576c96-ba4e-45cc-aa02-9d8ad53a6be8
0e1bb791,2025-03-30T03:03:59.365837,1534,4,39,35,0.21,282,0,763,right,0,False,desktop,firefox,ios,f95d5a7c-a95c-4447-8317-4dc22f175436
089b5d9c,2025-03-30T06:24:26.365837,2544,6,6,97,0.49,400,3,343,right,1,False,desktop,chrome,windows,b1afb272-da0d-4b17-b217-632ad3e8eebb
93736d4a,2025-03-30T05:38:50.365837,8848,3,49,72,0.25,481,3,224,stationary,5,True,desktop,chrome,linux,fdd21818-21f8-487f-8e32-08d6380cdef6
544b7fb2,2025-03-30T00:27:05.365837,887,5,30,12,0.4,299,1,61,right,1,True,mobile,safari,android,29d9b2ef-32af-4e48-944c-6aa10ad62499
c48e6545,2025-03-30T02:07:18.365837,8638,7,7,15,0.41,85,1,438,right,5,True,tablet,chrome,windows,4bcd69b9-79c7-4290-855b-6f7dcc2c9dfd
41278d92,2025-03-30T09:53:28.365837,6118,8,27,76,0.57,71,0,165,left,1,True,desktop,firefox,macos,65a653b2-7804-4d18-be1b-5d74a5a2d404
8e0d3f48,2025-03-29T22:11:36.365837,9534,4,38,38,0.94,102,0,764,right,0,False,desktop,edge,windows,a97aa141-6242-47c0-9e5c-72edab3d1daa
98437270,2025-03-30T08:17:01.365837,9211,9,41,81,0.28,192,0,32,stationary,4,True,desktop,chrome,macos,1b9aa5a7-5472-4923-a99f-ed49154314b6
30d4bf61,2025-03-30T01:35:38.365837,703,7,24,77,0.1,272,0,315,right,1,False,desktop,safari,ios,d233d8d3-b0af-46e8-afbc-22aec47302a6
04a11c23,2025-03-30T09:01:35.365837,861,6,45,4,0.34,188,3,371,right,4,False,mobile,safari,macos,9512d959-fca3-467e-a881-8629e2080606
c181621a,2025-03-30T03:04:00.365837,8005,8,28,62,0.22,89,0,163,stationary,0,False,desktop,edge,macos,de0d66af-57d1-4774-aca9-c353f8a399d1
4e65408c,2025-03-30T08:28:04.365837,1994,1,16,57,0.19,421,3,89,left,1,True,tablet,safari,linux,d043988d-2da7-4a83-b4f1-35a00ca9f2a3
88b578c2,2025-03-29T23:12:42.365837,5422,3,37,37,0.24,133,3,279,stationary,4,False,tablet,firefox,windows,77c45b74-0d0e-4d0e-b838-a80f1b43f47c
162147d7,2025-03-30T03:27:43.365837,3084,2,6,18,0.66,164,3,639,right,5,False,desktop,chrome,linux,e8c8483c-93aa-4bd3-9730-3fb072d2441b
c0255348,2025-03-30T00:23:01.365837,4871,1,7,80,0.95,475,1,93,stationary,0,True,desktop,safari,linux,993c0bdb-bef0-4296-9e4b-8d2b7db1f2a4
e5464ee5,2025-03-30T10:40:06.365837,6921,1,50,79,0.05,129,2,78,left,3,True,tablet,safari,linux,195b73b1-042d-4baa-ad05-c1b393752ab0
037a3b5c,2025-03-30T00:17:12.365837,3921,4,40,8,0.61,485,1,155,left,1,False,tablet,safari,ios,1a0ca6fe-0d49-4fc4-8829-4b8b38e3a07c
3cab17ef,2025-03-30T02:24:25.365837,3086,2,41,12,0.4,65,2,284,stationary,3,True,mobile,edge,linux,01769709-ffcd-407a-99d5-798955c78066
0849a738,2025-03-30T03:23:46.365837,6882,2,22,46,0.18,77,0,241,left,1,True,mobile,safari,macos,81930257-7366-4138-a27b-1760466ca925
e2c2eca6,2025-03-30T06:18:41.365837,3502,4,49,8,0.41,505,0,319,left,5,True,desktop,safari,windows,e83c2162-6f10-4b7c-b69b-118c53cce463
fa618225,2025-03-30T05:38:23.365837,5113,8,36,83,0.24,430,0,275,left,0,True,mobile,chrome,android,260abc0a-1b9c-424d-b4fe-948513eddb2c
087e90f7,2025-03-30T10:49:18.365837,2860,9,22,64,0.12,230,0,88,left,0,True,tablet,edge,macos,8e471651-b923-4af5-9aec-59f53b5364ca
34a35e21,2025-03-30T01:08:34.365837,1883,6,31,68,0.4,260,3,129,right,0,False,desktop,chrome,linux,5ddd00eb-2aa8-4ed2-9c3d-5eefe2bb5cb2
8ba4be99,2025-03-30T04:20:58.365837,1478,2,6,76,0.03,382,3,792,stationary,2,False,tablet,chrome,android,371b6178-46b4-42a9-b5b3-313221b85db3
af43b7c5,2025-03-29T22:07:38.365837,2406,3,45,22,0.28,529,2,693,stationary,4,True,desktop,chrome,windows,55ac58d9-5090-495f-9e64-a17b9c0dc43e
252712d6,2025-03-29T21:47:19.365837,6835,8,21,58,0.19,109,0,598,right,4,False,mobile,edge,windows,e4c2dc93-6c34-448c-a13f-d0fe75d449cb
a5abf9cc,2025-03-30T09:57:36.365837,1871,1,21,35,0.8,127,0,231,right,0,True,desktop,firefox,linux,5cef809b-26f2-48b3-9c59-fd4e14c16868
b116a409,2025-03-30T01:32:59.365837,555,2,43,71,0.81,482,2,162,left,2,False,mobile,chrome,ios,93314e08-24ba-4510-9f5f-d5b0dfecb180
c22522d9,2025-03-29T22:09:37.365837,7194,10,8,21,0.64,228,3,183,stationary,5,False,desktop,chrome,ios,c409bd54-7744-44f3-9fcc-3dc545ff4f91
94954b17,2025-03-30T03:03:29.365837,1357,9,21,34,0.86,338,3,4,right,1,False,tablet,safari,ios,8fc5642e-4943-4b5b-8876-40b6e33a628c
a2336c3c,2025-03-30T02:17:16.365837,2878,9,38,79,0.85,301,2,0,right,5,True,tablet,firefox,linux,09c36c68-f9e4-457b-b60f-91d775878d44
6a5f24a7,2025-03-30T00:29:54.365837,4910,7,38,9,0.42,539,0,485,right,0,True,tablet,chrome,macos,98811fd2-6672-49fa-8279-a0d575741369
893096e6,2025-03-29T22:19:10.365837,2319,4,29,56,0.58,503,3,154,left,5,True,mobile,firefox,macos,63c930bd-1f82-4fe5-9dba-44f7d32fff99
1d511a60,2025-03-29T23:11:22.365837,2198,1,41,89,0.57,457,3,225,left,2,True,mobile,edge,windows,8bc8fa23-9a58-4334-b9fd-4e9a4f8c2be1
09f255a6,2025-03-30T04:02:04.365837,2504,3,24,28,0.81,422,0,277,right,1,True,tablet,chrome,macos,86b5d47e-7435-476f-945e-c29e3fe682d4
9fa3fdbc,2025-03-30T00:31:51.365837,5619,5,41,32,0.42,436,3,286,left,4,True,tablet,firefox,macos,b06b37ef-e06f-4b1a-8ae7-3de2eb896b74
535548fb,2025-03-30T04:05:52.365837,7175,4,26,33,0.49,525,2,264,left,1,True,tablet,edge,windows,76fa2b84-f208-4ff4-8c9a-cf64bd7455ea
0ade4055,2025-03-30T00:42:10.365837,3674,3,38,66,0.58,339,3,614,left,4,True,desktop,edge,linux,468ad4e9-d91c-4008-b6fe-99cf533e9512
05c87fc2,2025-03-30T02:28:08.365837,6737,5,39,79,0.82,158,3,577,right,1,True,tablet,edge,ios,6bbbe58b-a7bb-4502-abef-c65835907efd
1741f749,2025-03-30T07:07:50.365837,8533,2,45,67,0.95,187,0,715,right,3,True,tablet,edge,ios,4b685192-8048-43c6-b14b-51ccc8afc1a0
da81f914,2025-03-30T01:45:27.365837,2625,7,7,64,0.12,593,1,235,right,5,True,mobile,edge,windows,38edc875-f59d-4e7b-a6ff-2e7b56b63a38
37a129ef,2025-03-30T06:53:13.365837,5266,2,5,96,0.31,262,3,648,stationary,4,True,mobile,safari,windows,95341e27-b427-43b0-b1ef-d0406eeb7b10
94a7c391,2025-03-30T06:45:23.365837,2063,3,39,26,0.92,501,0,617,stationary,5,False,tablet,chrome,windows,6488e011-bbc1-4403-aaa1-00c7155a7df1
463a235a,2025-03-30T03:18:10.365837,3610,3,38,16,0.64,154,3,262,right,5,False,desktop,edge,android,2b66b2d4-9ccd-4fb9-a59e-e67e3e1f5f8d
ae414d36,2025-03-30T04:46:03.365837,6239,8,48,95,0.26,529,0,256,left,0,False,desktop,safari,ios,ecda99c4-f99f-4692-9f25-7309a8b4f9c3
2dc3f220,2025-03-30T04:56:08.365837,3372,8,48,12,0.9,580,1,552,right,5,False,mobile,edge,windows,d00a28c0-7de3-4b4c-ad47-81baf207499a
94075550,2025-03-30T09:04:37.365837,9431,6,43,64,0.4,367,2,128,left,4,False,tablet,edge,ios,5db25bf3-9dea-4d3e-9d21-5016965f1c90
3f20105d,2025-03-30T02:44:28.365837,615,9,18,59,0.21,53,1,243,left,3,True,mobile,edge,windows,bb70569b-ac0d-45ac-a211-6305757548d6
86665461,2025-03-29T23:47:31.365837,2075,8,40,49,0.02,459,1,403,left,2,False,tablet,safari,android,dfe2bfb0-23ff-43c1-8578-9e6f305353d3
7463fdc1,2025-03-30T05:16:21.365837,3873,2,27,55,0.77,65,1,778,left,5,False,desktop,safari,macos,cc8c29b6-dc46-48d3-a088-ecfcc752c633
d5d27509,2025-03-30T01:06:39.365837,8097,8,17,24,0.76,358,3,36,left,1,True,desktop,safari,android,93170aad-1922-4653-821e-b00773132c61
eb162f4f,2025-03-30T00:38:14.365837,2977,6,39,48,0.81,88,1,250,right,3,True,mobile,safari,windows,9ea76fcc-4192-4b8e-aac1-6f8b6d1b3c7f
196b22d6,2025-03-30T02:19:17.365837,2760,4,29,23,0.25,478,3,318,left,4,True,tablet,safari,macos,487a02b5-0180-4ed4-b1fd-45032bc7afe8
1b7ab473,2025-03-29T23:06:31.365837,7399,5,26,8,0.75,483,3,776,right,2,True,desktop,safari,linux,76f9cf8d-3ab0-42eb-858a-45e68dedd9a2
3c476f30,2025-03-30T05:50:25.365837,552,8,42,89,0.12,37,2,547,right,5,True,tablet,firefox,windows,52c372db-fc4f-4958-9ab2-ff576724ca93
2683b29b,2025-03-30T09:26:53.365837,6498,6,26,63,0.49,186,3,635,right,4,True,desktop,firefox,android,f148f731-6699-4274-8deb-272458418f6b
0fa55896,2025-03-30T02:36:49.365837,8587,1,8,50,0.29,590,0,775,stationary,2,True,mobile,safari,android,fafe4532-14b1-4a0e-b519-5eff34e0c51f
8a7c4677,2025-03-29T21:44:41.365837,8735,5,37,69,0.49,167,3,589,right,4,False,mobile,safari,linux,7fd3c8fd-c0af-4d4b-a012-574385743ad2
012df18e,2025-03-30T08:28:51.365837,6215,2,46,72,0.45,48,0,549,stationary,1,True,mobile,edge,macos,b1c0d37a-2bf3-4c2e-b9ec-68cecd697af3
3195aa1c,2025-03-30T06:22:03.365837,1772,4,43,49,0.44,67,0,125,stationary,3,True,desktop,firefox,linux,1911694c-819d-4a6b-97e6-f4c84485d3a4
e39b3ba4,2025-03-30T08:00:00.365837,3623,8,21,32,0.97,495,3,780,left,2,False,tablet,edge,ios,0dc5579a-480a-4b3d-9fc7-b5ec21d05d4e
7a04949f,2025-03-30T00:27:42.365837,901,2,13,4,0.29,327,3,359,right,0,True,desktop,chrome,android,526f5ce3-8ba2-4d0d-8ccb-7cfde2d0c27a
ff301dcd,2025-03-30T08:08:23.365837,8070,10,15,79,0.42,289,1,313,stationary,3,True,tablet,safari,windows,ba2636aa-6be0-4b26-a311-70351a062719
711ddd31,2025-03-30T05:01:18.365837,192,3,32,45,0.82,548,1,475,right,3,False,tablet,firefox,android,6219ab2e-a7f7-41d2-95e4-33b9474cc9f7
ec54561c,2025-03-30T01:59:29.365837,6722,10,42,18,0.36,328,0,688,left,4,False,mobile,edge,ios,0229e9a2-1850-4128-b4c9-e15b3ac08b23
3be52914,2025-03-30T07:45:30.365837,2334,1,24,70,0.21,238,2,198,right,5,False,mobile,chrome,android,57b21f56-2751-4818-a5f1-bbc2f4e23490
5df7f699,2025-03-29T22:13:12.365837,6712,8,9,45,0.05,145,1,430,stationary,0,False,tablet,safari,windows,ed6832b6-b2ff-4893-99a6-00efca8623ce
7704f089,2025-03-30T02:53:42.365837,4325,4,30,34,0.79,32,1,476,right,3,True,desktop,edge,windows,41115189-d534-454c-83cc-da1dd7537775
b4abf1cd,2025-03-30T06:39:03.365837,8702,1,22,40,0.35,76,3,506,right,5,False,desktop,firefox,android,11624097-c44e-4d30-b9ed-c667f4ca65c7
9bf9f7de,2025-03-30T02:43:15.365837,9866,2,39,47,0.22,545,3,86,stationary,1,False,tablet,chrome,macos,9fc5bb9b-bc08-4dac-a43d-aa6f5f728778
1503cd16,2025-03-30T02:34:51.365837,5749,10,1,98,0.86,165,1,142,stationary,0,True,desktop,chrome,android,51f6a1cb-d5bb-4edd-99c6-15499eb3b73e
e487e87d,2025-03-29T23:35:20.365837,8531,5,18,22,0.87,393,1,345,right,3,False,desktop,edge,android,af83179d-d266-404b-b60a-aeb7ec5ef1a6
820bcd1c,2025-03-30T10:07:37.365837,7789,7,32,95,0.43,498,2,544,left,1,True,mobile,firefox,windows,e2811fc0-178a-4bc0-a554-8e70542ebc6b
95b4f4d7,2025-03-30T03:10:46.365837,5499,5,5,43,0.53,436,2,572,left,2,True,tablet,safari,ios,ded93939-65cd-46b5-8ee7-a9c590788056
22a3fa41,2025-03-30T04:59:10.365837,3117,6,5,37,0.61,136,2,124,left,3,False,desktop,chrome,linux,89cd6237-c6b0-4e57-8347-90c80e3b34b2
4a4e1cd5,2025-03-30T08:46:10.365837,8059,7,30,67,0.4,596,0,32,right,3,False,tablet,edge,windows,02c056a8-a9b7-4d84-a3b2-6773c864bdc1
09eb1bd9,2025-03-30T04:25:13.365837,2649,10,30,80,0.41,376,0,158,right,1,True,tablet,edge,ios,5c3a7b1f-b182-41f5-bb2e-da4d9504cfab
cf238d4d,2025-03-30T04:35:07.365837,3767,10,7,84,0.75,468,1,87,stationary,2,True,tablet,edge,ios,074e60a0-0042-4a66-8556-feb7d7c5c21f
29197c7a,2025-03-30T04:23:51.365837,7151,4,41,98,0.37,102,2,329,right,3,False,tablet,chrome,ios,8f5c9b9c-a5a5-4718-a857-b1c028c0463d
285c32f8,2025-03-30T04:08:33.365837,8276,7,38,68,0.09,362,3,506,left,2,False,desktop,chrome,android,3f98a8ff-a76c-4c87-a4c7-28ead1bf15c6
06648263,2025-03-30T01:33:58.365837,7641,3,45,76,0.76,58,3,728,left,2,False,tablet,chrome,android,00d3f5e0-2d95-4c0c-a4a0-20d783aad7ec
9b8cd5da,2025-03-30T03:21:20.365837,8186,3,39,46,0.95,447,1,114,right,3,True,mobile,firefox,android,9f4c06aa-dc5e-4711-9290-544fb8ccfc2c
405dd21f,2025-03-30T03:22:03.365837,2264,2,37,76,0.44,320,2,524,stationary,0,True,desktop,safari,android,5acb1b58-4de2-4e6f-a71a-431ba6ab4063
b5ea8892,2025-03-30T07:47:14.365837,3118,6,25,28,0.05,542,1,710,right,2,True,tablet,safari,android,a5a09c3d-7990-4757-b00b-b67411ff35e4
2ebe0487,2025-03-30T07:40:40.365837,911,4,44,53,0.29,452,0,721,right,3,False,mobile,chrome,android,d43845ca-ef60-4d27-91ec-1380a835f3d7
a6775b7b,2025-03-30T08:01:45.365837,5283,5,4,79,0.67,483,0,443,right,2,False,tablet,safari,macos,bb592ec9-10f6-4819-b845-41f19254bb8a
020f2535,2025-03-30T01:32:51.365837,755,3,27,58,0.58,292,3,750,right,5,False,mobile,safari,windows,fce3f749-cc93-4067-b6e1-ebd443dc6611
1ac7adba,2025-03-30T10:28:19.365837,4962,3,21,85,0.33,78,2,743,stationary,0,False,tablet,chrome,windows,d751d54e-edeb-4ec1-b43f-2fb184a00d4a
efdb7f71,2025-03-30T10:13:04.365837,1205,8,0,14,0.08,230,3,490,left,4,True,tablet,chrome,android,67f25928-9516-4bde-92d2-0534b955b01d
04d38766,2025-03-30T04:01:40.365837,6733,8,12,43,0.11,44,3,526,left,5,True,mobile,chrome,android,dde7f42c-e54a-45b9-97a0-72c653eb7823
8161c370,2025-03-30T10:20:56.365837,6871,7,39,95,0.01,433,3,193,right,5,True,desktop,safari,windows,fb16526e-9cfe-47d0-b04e-0911e7e27576
5b9abefd,2025-03-29T23:47:49.365837,3863,10,43,24,0.96,447,3,757,right,0,False,desktop,firefox,macos,b7e84a34-51c1-4d29-b771-513f687c525d
caa1a273,2025-03-30T02:40:15.365837,1691,3,0,88,0.72,292,3,485,stationary,1,True,mobile,firefox,linux,a1dce31b-40b8-4c23-9e1c-05d52bac21be
870cfc9e,2025-03-30T09:13:11.365837,4295,5,32,33,0.14,185,1,40,right,0,True,desktop,firefox,linux,8d212c51-9851-4cbd-868a-f2e92c644e11
1e68e246,2025-03-30T05:59:13.365837,1421,7,0,57,0.6,448,2,651,right,2,False,mobile,chrome,macos,a48c41d5-ba4b-4b14-8a55-b8d4f1d199a5
92d72aa8,2025-03-30T00:02:08.365837,1896,5,23,57,0.38,267,1,636,right,3,True,mobile,firefox,linux,df12b0d0-c194-4e47-a4cf-6305fcdd28ab
2042ad21,2025-03-30T03:38:31.365837,3155,5,5,24,0.47,472,0,214,right,2,False,tablet,safari,macos,1319afc6-23a4-422d-bf69-bfb7aa22e458
3326751a,2025-03-30T09:34:55.365837,2083,6,9,61,0.24,186,0,613,stationary,0,False,tablet,safari,ios,8abe3de8-f022-473e-8a5a-9336bd205bd0
a523f881,2025-03-30T00:29:29.365837,5079,1,2,62,0.73,553,2,643,right,4,False,mobile,chrome,android,e007f903-7c47-4ccc-8959-06d579dc7696
01e57812,2025-03-30T06:13:41.365837,1566,8,32,72,0.15,554,0,461,stationary,0,True,desktop,edge,macos,daa3e766-2932-47b1-a0bc-ea56e8e0ca13
c7292f3e,2025-03-30T04:03:46.365837,287,1,6,64,0.87,412,0,516,stationary,0,False,desktop,safari,ios,499009ae-6334-4063-a9c8-51419fc5e0bb
be13a38c,2025-03-30T04:04:30.365837,3543,2,9,59,0.98,54,0,145,right,3,False,mobile,chrome,ios,14f1d7c5-20e5-40cd-aeb9-c800e85d9bd5
c5f11e35,2025-03-30T01:50:57.365837,1605,9,7,4,0.84,456,2,98,stationary,5,True,desktop,firefox,macos,8da35570-a540-477f-a37e-8ac64c42e748
ba4b41c9,2025-03-30T07:33:27.365837,9502,4,24,63,0.05,278,1,628,right,2,False,tablet,firefox,windows,8d64714c-b134-47e4-98f9-1a7446e616d3
ffbad6ca,2025-03-30T04:48:12.365837,790,2,0,70,0.42,362,0,388,left,0,True,tablet,safari,windows,0b996973-7af2-4d46-aebf-ff765014485f
9f151381,2025-03-30T00:12:52.365837,9113,9,2,56,0.03,185,0,782,left,4,False,tablet,firefox,android,86e31b63-daff-4b89-82fa-c12462cf7acc
4fcfbe06,2025-03-30T05:28:00.365837,4064,6,27,5,0.33,508,2,119,stationary,2,False,tablet,chrome,android,72d71387-e767-4bb9-b339-15282131b1c2
60541610,2025-03-30T05:48:24.365837,553,7,27,38,0.61,42,1,560,right,4,True,mobile,chrome,macos,dc836bc4-d645-43a4-be45-30f24b69d942
2c3e1d44,2025-03-30T02:45:37.365837,912,8,30,40,0.28,38,3,779,stationary,2,True,desktop,edge,android,b81143f2-0928-4982-8bfd-42e82184ff7d
8acd06a2,2025-03-30T05:49:56.365837,2210,3,40,71,0.62,151,0,77,right,5,False,mobile,chrome,windows,52532e1d-8cb1-44b8-ae99-f3d25d0a0f74
d7bc022e,2025-03-29T23:13:34.365837,8787,6,39,71,0.29,312,2,438,stationary,5,True,mobile,chrome,linux,1bf2362c-3166-42b5-8918-88fda786852e
22377f50,2025-03-29T23:51:02.365837,3557,2,46,52,0.02,531,0,427,right,0,True,desktop,safari,windows,fd88206b-4d80-47b9-8c92-e8c4a53d9dd5
64fb36f2,2025-03-30T00:15:17.365837,9276,1,42,86,0.62,83,2,369,right,2,False,tablet,edge,windows,a70efa1c-aa02-41f1-8fde-8300bdceea80
4e807cf4,2025-03-30T05:23:00.365837,1129,1,41,20,0.43,462,3,10,stationary,2,True,mobile,chrome,ios,8a10ce4c-df60-4aa2-aeab-6e5122be9104
0011bc18,2025-03-30T00:43:05.365837,212,6,4,93,0.86,322,3,42,left,3,False,mobile,safari,android,1078c732-91b1-41e9-9609-48c167014154
5fae1db4,2025-03-30T01:23:15.365837,4857,9,41,22,0.02,427,1,452,left,0,True,tablet,safari,linux,e78ae64b-7aa3-4e36-b630-422fa30403b8
e6c33ca0,2025-03-30T03:08:27.365837,8897,4,31,71,0.29,135,1,475,stationary,1,True,mobile,safari,linux,8568ceeb-138f-458f-b1cf-e5c87b8ac9db
3938020c,2025-03-29T21:53:18.365837,4861,5,21,90,0.9,573,0,572,right,0,True,desktop,safari,macos,ffb5040a-abe9-42c7-8c60-00fa6a0ea26d
5178302f,2025-03-30T10:06:41.365837,6625,7,11,29,0.89,405,1,445,right,3,False,tablet,firefox,android,f5f7aad9-075b-45d8-9b39-af5b3a77ef5d
51c37d90,2025-03-30T07:34:57.365837,9615,7,34,56,0.88,438,3,299,stationary,1,False,desktop,chrome,linux,93b1a324-04e0-4b20-855c-e12f3c2f0cde
cd1a3a99,2025-03-30T01:30:30.365837,710,10,50,97,0.92,81,1,90,stationary,1,False,desktop,firefox,linux,9f38b10e-df42-4277-9a9b-cd272ce60290
c023d945,2025-03-30T07:30:26.365837,6614,7,45,52,0.64,297,0,350,stationary,4,False,desktop,firefox,windows,bf776350-015b-4b1c-9d88-f475b8ea50d3
5803ffbd,2025-03-30T07:56:30.365837,4572,9,31,58,0.39,186,3,46,right,3,False,desktop,edge,linux,a23964be-7be2-4ae2-90b4-b452c6bb9e8e
1cbf695d,2025-03-30T04:11:39.365837,8577,3,41,10,0.16,516,1,196,left,4,False,tablet,safari,ios,27a9404f-abdc-4626-9b30-d99c81acf403
9eebcf7c,2025-03-30T07:38:27.365837,3929,2,42,77,0.45,335,2,86,right,5,False,desktop,edge,android,031fd9ae-d356-4ba2-ba79-aa62e8d9a793
2127870a,2025-03-30T03:04:09.365837,4995,6,13,35,0.58,47,3,487,left,3,False,mobile,chrome,windows,0381b508-d04b-4948-a76a-2070b18c7059
2599739f,2025-03-30T03:46:11.365837,8034,1,35,59,0.9,89,1,613,right,0,True,tablet,edge,linux,c7d77ad8-e3a4-46da-ba21-fb1e707021ca
11bb02be,2025-03-30T00:11:29.365837,9902,2,0,11,0.67,266,1,188,left,4,False,mobile,firefox,android,689e09f8-5872-417d-bb82-93fab1305fa6
8d9f10c7,2025-03-30T02:54:36.365837,8874,9,22,87,0.27,231,1,229,left,0,False,desktop,edge,macos,ff2af47f-ccb4-45c1-85cf-e1d7860daee3
317ab689,2025-03-29T22:35:33.365837,8697,9,14,28,0.34,214,3,574,stationary,1,True,desktop,safari,linux,a1de06cf-022e-4ccb-8e54-c427368d443e
d0e4c0a7,2025-03-29T23:13:50.365837,9262,7,23,28,0.75,499,0,478,left,2,True,desktop,firefox,android,b75da31b-8a37-4a68-a7fb-05dc0b3fcd41
0247d55f,2025-03-30T01:18:06.365837,1123,10,44,65,0.57,400,1,40,left,5,True,desktop,firefox,linux,e28a2de9-7664-4b81-b5e2-4c977a3f4399
6100035b,2025-03-30T10:31:31.365837,5672,6,41,77,0.89,533,3,181,left,5,True,tablet,edge,windows,601d46cf-3ad4-4dfa-9eb7-02d3cce7c29f
3cac5948,2025-03-29T23:23:49.365837,234,3,2,79,0.4,247,3,610,left,1,True,desktop,safari,android,61ac17b9-cdb4-4754-bea2-2059d0722a31
5385a64d,2025-03-30T08:07:28.365837,911,2,46,29,0.85,311,0,564,stationary,4,True,mobile,edge,windows,051ec304-9ae4-4ef0-b4ca-fa234a66357e
ac4e1018,2025-03-30T09:01:19.365837,8446,8,20,2,0.77,519,2,736,left,1,True,tablet,safari,ios,73893095-4c91-4220-84f7-d79b81b6318f
d19ec2f2,2025-03-30T09:17:43.365837,2619,6,46,80,0.1,338,2,413,stationary,3,False,mobile,edge,ios,2eaacf30-f00b-47b0-9f8a-2586bded3e86
81c70862,2025-03-30T06:40:05.365837,8917,6,14,0,0.06,191,1,581,stationary,0,False,desktop,chrome,linux,cf1dc5be-1597-4af9-b762-8be88098bfeb
ed96abe2,2025-03-30T06:34:59.365837,7232,7,39,39,0.72,194,0,31,right,3,True,desktop,chrome,android,605001f1-33f6-4350-bb87-00cb68f2a4d9
7468064b,2025-03-29T22:27:07.365837,8885,9,12,34,0.32,505,2,606,right,1,True,mobile,chrome,android,1cd1e606-1142-4a08-a081-b4715f8ca74f
75830a4e,2025-03-30T04:10:07.365837,9970,10,42,27,0.62,115,0,39,right,3,False,mobile,edge,linux,8bb54e1c-8a74-4c89-a912-5cbd365d763b
0ac49d35,2025-03-29T22:49:17.365837,5371,2,0,79,0.12,248,2,83,right,2,False,desktop,edge,android,ca3c18c5-4f10-4fb5-b3b2-15e347b8e739
4bdb78b6,2025-03-30T10:52:56.365837,1312,5,49,10,0.32,548,1,619,right,1,False,mobile,safari,windows,c03c8757-5181-458a-b412-bdd917c848ab
31776962,2025-03-30T00:52:28.365837,9092,6,45,7,0.85,180,1,305,left,0,False,mobile,edge,android,2125255d-e690-418f-ad92-9a17c3b589e8
0bf68bf7,2025-03-30T10:30:54.365837,2703,4,9,91,0.68,174,1,587,right,4,False,desktop,chrome,linux,4e4c80c4-85cc-454c-b710-1601b96cfdc3
2adb7fb7,2025-03-30T02:20:28.365837,6391,5,2,10,0.52,453,0,427,right,1,True,mobile,chrome,ios,dfc3cddc-9609-4502-9b25-791eff97716d
80f4dd28,2025-03-30T03:25:09.365837,4311,2,47,54,0.14,590,0,561,right,2,False,mobile,firefox,ios,345a0336-9917-4a5a-a35a-a10c01f46206
b863d80a,2025-03-30T04:48:02.365837,8937,10,35,37,0.24,443,3,735,left,1,False,mobile,safari,windows,a3ba92fd-9042-4d35-b56e-c2fd2f729440
1ca0a73a,2025-03-30T03:23:20.365837,4796,6,26,68,0.28,167,1,438,right,5,True,desktop,firefox,linux,542db78a-49a4-4ca4-8440-a3476bdc5478
20ba173a,2025-03-30T05:15:14.365837,2661,10,10,4,0.8,485,0,453,right,1,False,mobile,safari,macos,79fc6e92-8c44-4899-ab33-d1f1f00f14bb
92ca913b,2025-03-30T03:22:20.365837,4337,7,47,41,0.95,114,1,488,stationary,1,True,tablet,chrome,windows,2ab264f2-3cbd-4741-87c8-093741201d2f
8db1c980,2025-03-30T07:47:51.365837,7446,7,46,99,0.24,63,3,360,right,0,False,desktop,edge,windows,c60ac128-b5ff-4a41-b2ee-456d7471699b
af28f21c,2025-03-30T00:40:14.365837,3515,10,1,11,0.46,550,0,134,stationary,5,False,desktop,chrome,linux,62d37336-4346-412b-98db-a058f319fc3b
47858d2c,2025-03-30T00:45:00.365837,8893,9,45,83,0.09,65,0,134,right,0,True,desktop,edge,windows,319a44b0-90a3-41ff-ac3c-1ef3c93b8d0c
ee84042b,2025-03-29T23:42:34.365837,4010,10,46,20,0.18,484,1,56,right,5,False,mobile,safari,macos,9dc4fc08-c76e-4909-9726-7264b71ace51
7ffab84d,2025-03-29T23:50:47.365837,3497,5,10,83,0.16,453,2,409,right,5,False,tablet,firefox,android,11ea1443-132e-4921-8311-74d8cb2ba46c
400f86a9,2025-03-30T08:02:13.365837,6841,7,18,82,0.41,419,2,257,left,4,False,tablet,safari,linux,7e94bfd6-eaa6-48b6-9bd2-e29576c8a7ee
0e1f44a5,2025-03-30T01:09:39.365837,2069,7,1,39,0.27,329,3,742,stationary,3,True,tablet,firefox,macos,a5c47e89-8cfa-4c43-985e-f1f35cba3b63
6c4c0d40,2025-03-29T22:10:09.365837,430,7,47,32,0.76,67,3,584,stationary,3,False,desktop,chrome,macos,7b4d6e2c-8a54-41b7-bf25-d4cf507ecfd1
e2fa3f3c,2025-03-30T01:39:17.365837,2191,5,0,75,0.43,108,0,676,stationary,4,True,desktop,edge,windows,ac9fb99f-745d-4322-a0d0-c731efb2d3c9
27e414ae,2025-03-30T00:32:54.365837,2896,2,16,44,0.72,540,2,287,stationary,0,True,mobile,firefox,android,c7fd513f-f289-4983-948d-40d96e143657
bffa49be,2025-03-30T03:35:31.365837,5791,6,18,89,0.65,486,1,234,stationary,0,True,tablet,chrome,android,5663c374-f9a4-4122-ab72-a579a4071bd7
e96ee823,2025-03-30T07:26:52.365837,443,4,19,84,0.8,355,0,532,stationary,1,False,tablet,safari,windows,7e204f6f-b5c1-422d-bbca-f57ddadf51dd
09353788,2025-03-30T04:50:10.365837,509,1,25,69,0.62,137,0,191,left,0,False,tablet,safari,ios,332e4eda-6627-4c29-a6be-250070ded6ab
6cbc3c8e,2025-03-30T00:06:20.365837,4990,10,8,81,0.32,299,3,566,left,4,True,desktop,safari,windows,452ee230-03b4-4a78-9d5b-d395168a41e8
1b29e078,2025-03-30T00:03:31.365837,8991,2,46,51,0.46,159,3,436,left,0,True,mobile,safari,android,d0ae1ebc-9444-4a94-afb3-821d2264d531
f2f13381,2025-03-30T05:53:28.365837,7212,5,49,82,0.72,599,1,548,right,3,False,desktop,chrome,macos,0f4a6016-b11c-44c7-95b5-4f9ff9ba0a4c
0038b0a7,2025-03-30T04:07:05.365837,5882,5,38,5,0.43,225,1,568,left,3,False,mobile,chrome,macos,d5436c45-485a-447a-8c1f-286c1870f436
c150432b,2025-03-30T04:52:29.365837,8859,10,47,69,0.61,67,2,126,stationary,3,True,desktop,chrome,macos,8a2360dc-d2ce-4081-97c3-2257a1fd0e21
3e3cb08d,2025-03-29T22:26:21.365837,3435,7,8,60,0.45,93,1,96,left,2,False,mobile,safari,windows,656d64c5-5d6d-4698-b22a-6060aa524197
348f3e99,2025-03-30T00:19:26.365837,7003,2,49,24,0.16,518,0,138,stationary,1,True,tablet,chrome,android,dba53496-f37e-4182-bd08-c3f8c1eb20d9
a3364328,2025-03-30T03:58:05.365837,1449,3,39,11,0.15,318,2,311,right,3,False,mobile,edge,linux,8af4667b-c6b5-4124-afd3-f6b19643b93b
1d279de8,2025-03-29T23:34:51.365837,3683,7,19,22,0.32,338,3,360,stationary,5,False,mobile,edge,ios,e20beb38-90a2-4cbe-b487-76c904a9fd96
3ab15fae,2025-03-30T00:52:12.365837,5890,8,20,22,0.98,172,3,164,right,0,True,mobile,chrome,ios,214375b6-211f-4f0b-9783-aea44dbca3aa
f76e9663,2025-03-30T08:04:39.365837,5551,5,15,90,0.44,388,0,306,stationary,5,True,desktop,firefox,windows,d90766c6-b541-4769-b49f-a0e26cf0e606
dd2f0dcf,2025-03-29T23:15:50.365837,3958,7,13,47,0.87,277,2,518,left,3,True,tablet,firefox,linux,6e72b191-fb67-4555-af2c-c15cef4b7969
b0b12e53,2025-03-29T22:04:48.365837,8589,8,42,0,0.15,189,2,781,stationary,4,False,tablet,firefox,android,83824148-ff2b-4183-aaaf-b9c99ef00096
635d2b29,2025-03-30T00:23:33.365837,9632,1,13,73,0.54,372,0,595,right,3,False,mobile,safari,windows,24aa3816-6fde-4f96-93b5-c342fe4cda17
